,index,image_id,group,histogram,mask_order,prediction
0,3,test_unknown_1400_copper_lacma,2,"[  0.   0.   0.   0.   0.   0.   1.   0.   0.   0.   0.   0.   0.   0.
   0.   0.   0.   0.   0.   0.   0.   0.   0.   0.   0.   0.   0.   0.
   0.   0.   0.   0.   0.   0.   0.   0.   0.   0.   0.   0.   0.   0.
   0.   0.   0.   0.   0.   0.   0.   0.   0.   0.   0.   0.   0.   0.
   0.   0.   0.   0.   0.   0.   0.   0.   0.   0.   0.   0.   0.   0.
   0.   0.   0.   0.   0.   0.   0.   0.   0.   0.   0.   0.   0.   0.
   0.   0.   0.   0.   0.   0.   0.   0.   0.   0.   0.   0.   0.   0.
   0.   0.   0.   0.   0.   0.   0.   0.   0.   0.   0.   0.   0.   0.
   0.   0.   0.   0.   0.   0.   0.   0.   0.   0.   0.   0.   0.   0.
   0.   0.   0.   0.   0.   0.   0.   0.   0.   0.   0.   1.   0.   0.
   0.   0.   0.   0.   0.   0.   0.   0.   0.   0.   0.   0.   0.   0.
   0.   0.   0.   0.   0.   0.   0.   0.   0.   0.   0.   0.   0.   0.
   0.   0.   0.   0.   0.   0.   0.   0.   0.   0.   0.   0.   0.   0.
   0. 189.   0.   0.   0.   0.   0.   0.   0.   0.   0.   0.   0.   0.
   0.   0.   0.   0.   0.   1.   0.   0.   0.   1.   0.   1.   5.   3.
   0.   0.   0.   2.   3.   0.   0.   3.   3.   0.   0.   0.   0.   0.
   9.   3.   1.   1.   1.   0.   0.   2.   0.   0.   0.   2.   1.   0.
   0.   3.   1.   0.   2.   0.   1.   0.   1.   0.   0.   1.   0.   0.
   1.   1.   1.   2.   3.   0.   1.   0.   0.   3.   1.   2.   0.   1.
   3.   2.   5.   3.   0.   0.   2.   0.   0.   2.   0.   1.   1.   1.
   1.   2.   0.   0.   0.   0.   2.   1.   1.   2.   0.   1.   0.   0.
   0.   0.   3.   0.   6.   1.   1.   1.   1.   2.   2.   0.   1.   0.
   2.   1.   1.   0.   0.   2.   0.   5.   0.   1.   0.   1.   0.   0.
   0.   1.   0.   1.   0.   0.   4.   0.   2.   2.   1.   0.   0.   0.
   1.   1.   1.   5.   0.   2.   1.   0.   2.   2.   0.   0.   0.   1.
   2.   0.   0.   1.   0.   0.   1.   0.   1.   3.   0.   1.   0.   1.
   0.   3.   0.   0.   0.   1.   0.   3.   0.   0.   1.   1.   3.   0.
   0.   3.   0.   1.   0.   2.   0.   0.   1.   0.   0.   1.   1.   1.
   1.   1.   0.   0.   0.   1.   0.   1.   0.   0.   0.   0.   0.   0.
   0.   0.   0.   0.   0.   0.   1.   0.   0.   0.   0.   0.   0.   0.
   0.   0.   0.   0.   0.   1.   0.   0.   0.   0.   0.   0.   0.   0.
   0.   0.   0.   0.   0.   0.   0.   0.   0.   0.   0.   0.   0.   0.
   0.   0.   0.   0.   0.   0.   0.   0.   0.   0.   0.   0.   0.   0.
   0.   0.   0.   0.   1.   0.   0.   0.   0.   0.   0.   0.   0.   0.
   0.   0.   0.   0.   0.   0.   0.   0.   0.   0.   0.   1.   0.   0.
   0.   0.   0.   0.   0.   0.   0.   0.   0.   0.   0.   0.   0.   0.
   0.   0.   0.   0.   0.   0.   0.   0.   0.   0.   0.   0.   0.   0.
   0. 161.   0.   0.   0.   0.   0.   0.   0.   0.   0.   0.   0.   0.
   0.   0.   0.   0.   0.   0.   0.   0.   0.   0.   0.   0.   0.   0.
   0.   0.   0.   0.   0.   0.   0.   0.   0.   0.   0.   0.   0.   0.
   0.   0.   0.   0.   0.   0.   0.   0.   0.   0.   0.   0.   0.   0.
   0.   0.   0.   0.   0.   0.   0.   0.   0.   0.   0.   0.   0.   0.
   0.   0.   0.   0.   0.   0.   0.   0.   0.   0.   0.   0.   0.   2.
   2.   1.   2.   0.   0.   0.   2.   1.   2.   0.   0.   0.   1.   4.
   0.   1.   1.   0.   0.   0.   3.   0.   2.   2.   0.   0.   0.   2.
   1.   1.   0.   2.   2.   0.   1.   1.   2.   3.   1.   0.   2.   0.
   0.   1.   0.   0.   1.   0.   0.   1.   0.   0.   0.   0.   1.   1.
   0.   0.   2.   1.   1.   0.   0.   0.   0.   2.   0.   1.   0.   3.
   0.   0.   0.   0.   3.   1.   1.   0.   3.   1.   0.   2.   1.   2.
   0.   2.   1.   6.   0.   1.   0.   0.   0.   1.   2.   0.   1.   1.
   0.   0.   0.   1.   0.   3.   0.   1.   1.   2.   4.   0.   1.   2.
   0.   1.   0.   0.   0.   1.   1.   2.   1.   0.   0.   1.   2.   4.
   0.   2.   0.   0.   1.   0.   1.   0.   0.   1.   0.   0.   0.   0.
   0.   4.   0.   0.   0.   0.   1.   2.   2.   0.   0.   1.   0.   0.
   5.   2.   1.   0.   0.   0.   0.   0.   0.   0.   0.   0.   0.   1.
   7.   0.   0.   0.   2.   0.   2.   3.   0.   1.   1.   0.   0.   0.
   0.   1.   1.   0.   0.   2.   0.   4.   1.   0.   0.   0.   0.   0.
   0.   0.]","['eyebrow_nose_mask', 'mouth_mask']",0
1,8,test_unknown_1500_bronze_cantor_3,2,"[  0.   0.   0.   0.   0.   0.   0.   0.   0.   0.   0.   0.   0.   0.
   0.   0.   0.   0.   0.   0.   0.   0.   0.   0.   0.   0.   0.   0.
   0.   0.   0.   0.   0.   0.   0.   0.   0.   0.   0.   0.   0.   0.
   0.   0.   0.   0.   1.   0.   0.   0.   0.   0.   0.   0.   0.   0.
   0.   0.   0.   0.   0.   0.   0.   0.   0.   0.   0.   0.   0.   0.
   0.   0.   0.   0.   0.   0.   0.   0.   0.   0.   0.   0.   0.   0.
   0.   0.   0.   0.   0.   0.   0.   0.   0.   0.   0.   0.   0.   0.
   0.   0.   0.   0.   0.   0.   0.   0.   0.   0.   0.   0.   0.   0.
   0.   0.   0.   0.   0.   0.   0.   0.   0.   0.   0.   0.   0.   0.
   0.   0.   0.   0.   0.   0.   0.   0.   0.   0.   0.   0.   0.   0.
   0.   0.   0.   0.   0.   0.   0.   0.   0.   0.   0.   0.   0.   0.
   0.   0.   0.   0.   0.   0.   0.   0.   0.   0.   0.   0.   0.   0.
   0.   0.   0.   0.   0.   0.   0.   0.   0.   0.   0.   0.   0.   0.
   0. 296.   0.   0.   1.   0.   0.   0.   0.   0.   0.   0.   0.   0.
   0.   0.   0.   0.   0.   1.   0.   0.   2.   2.   2.   1.   0.   1.
   1.   1.   2.   0.   0.   5.   0.   3.   3.   5.   2.   2.   7.   3.
   1.   6.   0.   1.   1.   1.   0.   3.   5.   2.   0.   0.   2.   2.
   3.   2.   2.   0.   2.   1.   5.   2.   0.   2.   0.   0.   1.   0.
   0.   0.   3.   2.   1.   0.   1.   0.   3.   4.   2.   0.   1.   1.
   4.   1.   4.   1.   1.   4.   0.   3.   1.   1.   4.   2.   3.   1.
   1.   6.   1.   3.   0.   0.   4.   0.   0.   2.   0.   4.   1.   1.
   0.   1.   1.   1.   0.   1.   1.   0.   0.   3.   2.   0.   1.   1.
   2.   0.   2.   2.   1.   3.   2.   2.   2.   1.   1.   1.   0.   0.
   1.   1.   4.   0.   0.   1.   1.   0.   2.   0.   1.   3.   1.   5.
   0.   1.   1.   0.   3.   1.   0.   0.   2.   0.   0.   7.   4.   2.
   2.   1.   1.   4.   5.   2.   2.   0.   1.   1.   1.   3.   2.   0.
   2.   1.   0.   1.   2.   4.   0.   1.   0.   0.   1.   2.   4.   0.
   1.   1.   2.   1.   0.   1.   2.   1.   0.   0.   1.   3.   3.   0.
   0.   3.   0.   0.   1.   2.   2.   1.   0.   0.   0.   0.   0.   0.
   0.   0.   0.   0.   0.   0.   0.   0.   0.   0.   0.   0.   0.   0.
   0.   0.   0.   0.   0.   0.   0.   0.   0.   0.   0.   0.   0.   0.
   0.   0.   0.   0.   0.   0.   0.   0.   0.   0.   0.   0.   0.   0.
   0.   0.   0.   0.   0.   0.   0.   0.   0.   0.   0.   0.   0.   0.
   0.   0.   0.   0.   0.   0.   0.   0.   0.   0.   0.   0.   0.   0.
   0.   0.   0.   0.   0.   0.   0.   0.   0.   0.   0.   0.   0.   0.
   0.   0.   0.   0.   0.   0.   0.   0.   0.   0.   0.   0.   0.   0.
   0.   0.   0.   0.   0.   0.   0.   0.   0.   0.   0.   0.   0.   0.
   0. 167.   0.   0.   0.   0.   0.   0.   0.   0.   0.   0.   0.   0.
   0.   0.   0.   0.   0.   0.   0.   0.   0.   0.   0.   0.   0.   0.
   0.   0.   0.   0.   0.   0.   0.   0.   0.   0.   0.   0.   0.   0.
   0.   0.   0.   0.   0.   0.   0.   0.   0.   0.   0.   0.   0.   0.
   0.   0.   0.   0.   0.   0.   0.   0.   0.   0.   0.   0.   0.   0.
   0.   0.   0.   0.   0.   0.   0.   0.   0.   0.   0.   0.   0.   1.
   2.   0.   3.   2.   3.   1.   1.   1.   4.   0.   1.   2.   4.   2.
   0.   0.   2.   0.   0.   1.   3.   1.   2.   0.   2.   0.   0.   1.
   0.   1.   0.   3.   2.   0.   1.   2.   1.   0.   1.   0.   1.   0.
   0.   1.   0.   2.   0.   3.   2.   0.   2.   1.   0.   0.   0.   0.
   0.   3.   2.   2.   1.   3.   3.   0.   2.   2.   1.   0.   0.   0.
   0.   1.   2.   1.   0.   1.   0.   0.   0.   1.   1.   4.   2.   1.
   0.   1.   1.   0.   0.   1.   1.   1.   2.   0.   1.   0.   1.   0.
   1.   0.   1.   0.   0.   0.   4.   0.   3.   3.   2.   0.   1.   1.
   0.   0.   0.   3.   0.   0.   1.   1.   1.   0.   0.   0.   2.   0.
   2.   0.   1.   0.   0.   0.   0.   0.   0.   0.   0.   0.   0.   0.
   1.   3.   1.   1.   1.   0.   1.   1.   1.   0.   0.   0.   0.   4.
   0.   0.   0.   0.   0.   2.   0.   0.   0.   0.   1.   1.   0.   1.
   0.   0.   2.   0.   1.   2.   0.   0.   0.   1.   0.   0.   2.   0.
   0.   1.   0.   3.   0.   2.   0.   1.   0.   0.   0.   0.   1.   0.
   0.   1.]","['eyebrow_nose_mask', 'mouth_mask']",0
2,9,test_unknown_buddha_1400_1500_bronze_met,2,"[  2.   1.   1.   2.   0.   2.   3.   1.   0.   1.   1.   0.   0.   1.
   0.   2.   1.   0.   0.   0.   0.   0.   0.   0.   0.   0.   1.   0.
   0.   3.   0.   0.   1.   0.   0.   0.   0.   0.   1.   0.   0.   0.
   0.   1.   0.   0.   1.   0.   0.   0.   0.   0.   0.   0.   0.   0.
   0.   0.   0.   0.   0.   0.   0.   0.   0.   0.   0.   0.   0.   0.
   0.   0.   0.   0.   0.   0.   0.   0.   0.   0.   0.   0.   0.   0.
   1.   0.   0.   0.   0.   0.   0.   0.   0.   0.   0.   0.   0.   0.
   0.   0.   0.   0.   0.   0.   0.   0.   0.   0.   0.   0.   0.   0.
   0.   0.   0.   0.   0.   0.   0.   0.   0.   0.   0.   0.   0.   0.
   0.   0.   0.   0.   0.   0.   0.   0.   0.   0.   0.   2.   0.   0.
   0.   0.   0.   0.   0.   0.   0.   0.   0.   0.   0.   0.   0.   0.
   0.   0.   0.   0.   0.   0.   0.   0.   0.   0.   0.   0.   0.   0.
   0.   0.   0.   0.   0.   0.   0.   0.   0.   0.   0.   0.   0.   0.
   0. 281.   0.   0.   0.   0.   0.   0.   0.   0.   0.   0.   0.   0.
   0.   0.   0.   0.   0.   4.   0.   0.   1.   2.   2.   1.   0.   2.
   1.   0.   2.   2.   2.   0.   0.   1.   5.   2.   2.   2.   5.   3.
   7.   3.   0.   0.   2.   3.   0.   3.   6.   3.   0.   0.   6.   2.
   2.   2.   4.   0.   0.   0.   0.   1.   1.   0.   2.   1.   5.   3.
   0.   1.   1.   1.   2.   1.   4.   1.   1.   6.   2.   5.   4.   2.
   3.   0.   1.   0.   3.   0.   1.   2.   1.   1.   3.   0.   2.   0.
   2.   2.   3.   3.   0.   0.   1.   1.   1.   3.   2.   4.   2.   2.
   1.   0.   2.   2.   9.   1.   1.   1.   3.   1.   0.   0.   0.   1.
   2.   2.   0.   1.   2.   1.   1.   2.   0.   0.   3.   1.   0.   3.
   1.   0.   3.   0.   2.   0.   4.   2.   1.   1.   0.   1.   0.   0.
   0.   3.   0.   5.   2.   2.   0.   1.   1.   1.   0.   2.   3.   1.
   3.   1.   2.   3.   5.   0.   0.   0.   0.   5.   5.   1.   0.   0.
   0.   0.   0.   1.   1.   1.   0.   0.   1.   0.   0.   2.   6.   0.
   0.   1.   1.   1.   0.   3.   3.   1.   0.   3.   1.   0.   3.   1.
   0.   3.   2.   1.   4.   0.   0.   0.   0.   0.   0.   0.   0.   0.
   0.   0.   0.   0.   0.   0.   3.   0.   0.   0.   0.   0.   0.   1.
   1.   0.   0.   1.   0.   1.   0.   0.   0.   0.   0.   0.   0.   0.
   0.   0.   0.   0.   0.   0.   0.   0.   0.   1.   0.   0.   0.   0.
   0.   0.   0.   0.   0.   0.   0.   0.   0.   0.   0.   0.   0.   0.
   0.   0.   0.   0.   0.   0.   0.   1.   0.   0.   1.   0.   0.   0.
   0.   0.   0.   0.   0.   1.   0.   0.   0.   0.   0.   0.   0.   0.
   1.   0.   0.   0.   0.   0.   1.   0.   0.   0.   0.   0.   0.   0.
   0.   0.   0.   0.   0.   0.   0.   0.   0.   0.   0.   1.   0.   0.
   0. 190.   0.   0.   0.   0.   0.   0.   0.   0.   0.   0.   0.   0.
   0.   0.   0.   0.   0.   0.   0.   0.   0.   0.   0.   0.   0.   0.
   0.   0.   0.   0.   0.   0.   0.   0.   0.   0.   0.   0.   0.   0.
   0.   0.   0.   0.   0.   0.   0.   0.   0.   0.   0.   0.   0.   0.
   2.   0.   0.   0.   0.   0.   0.   0.   0.   0.   0.   0.   0.   0.
   0.   0.   0.   0.   0.   0.   0.   0.   0.   0.   0.   0.   0.   0.
   0.   0.   1.   2.   0.   1.   1.   0.   5.   1.   1.   1.   4.   2.
   1.   1.   3.   0.   0.   2.   2.   1.   0.   0.   0.   0.   1.   2.
   0.   2.   1.   1.   2.   1.   0.   1.   2.   2.   4.   1.   1.   2.
   2.   1.   0.   0.   2.   1.   0.   3.   3.   0.   0.   0.   0.   1.
   0.   1.   3.   0.   0.   1.   0.   0.   2.   0.   0.   0.   0.   2.
   2.   1.   0.   2.   1.   2.   0.   2.   0.   0.   2.   1.   1.   1.
   1.   2.   0.   4.   0.   1.   1.   0.   0.   3.   2.   1.   2.   2.
   0.   0.   3.   0.   0.   0.   1.   1.   1.   1.   1.   1.   2.   2.
   1.   0.   0.   1.   0.   0.   2.   2.   2.   1.   0.   1.   0.   1.
   1.   1.   2.   0.   0.   3.   1.   0.   2.   0.   0.   0.   0.   0.
   1.   0.   0.   1.   0.   4.   0.   0.   3.   0.   4.   1.   0.   1.
   3.   1.   2.   1.   0.   0.   2.   0.   0.   0.   1.   3.   3.   3.
   1.   0.   0.   1.   1.   0.   0.   1.   2.   1.   0.   0.   1.   2.
   3.   0.   3.   2.   0.   4.   0.   2.   4.   0.   0.   0.   1.   0.
   0.   1.]","['eyebrow_nose_mask', 'mouth_mask']",0
3,10,test_sukhothai_buddha_1300_copper_LACMA,2,"[  0.   0.   1.   0.   0.   0.   1.   0.   0.   0.   0.   0.   0.   0.
   0.   0.   0.   0.   0.   1.   0.   0.   0.   0.   0.   0.   0.   0.
   0.   1.   0.   0.   0.   0.   0.   0.   0.   0.   0.   1.   0.   0.
   0.   0.   0.   0.   0.   0.   0.   0.   0.   0.   0.   0.   0.   0.
   0.   0.   0.   0.   0.   0.   0.   0.   0.   0.   0.   0.   0.   0.
   0.   0.   0.   0.   0.   0.   0.   0.   0.   0.   0.   0.   0.   0.
   0.   0.   0.   0.   0.   0.   0.   0.   0.   0.   0.   0.   0.   0.
   0.   0.   0.   0.   0.   0.   0.   0.   0.   0.   0.   0.   0.   0.
   0.   0.   0.   0.   0.   0.   0.   0.   0.   0.   0.   0.   0.   0.
   0.   0.   0.   0.   0.   0.   0.   0.   0.   0.   0.   1.   0.   0.
   0.   0.   0.   0.   0.   0.   0.   0.   0.   0.   0.   0.   0.   0.
   0.   0.   0.   0.   0.   0.   0.   0.   0.   0.   0.   0.   0.   0.
   0.   0.   0.   0.   0.   0.   0.   0.   0.   0.   0.   0.   0.   0.
   0. 165.   0.   0.   0.   0.   0.   0.   0.   0.   0.   0.   0.   0.
   0.   0.   0.   0.   0.   2.   0.   0.   0.   0.   1.   1.   0.   2.
   1.   0.   1.   1.   2.   0.   0.   1.   1.   1.   1.   1.   4.   1.
  13.   0.   1.   0.   0.   0.   2.   0.   0.   3.   2.   0.   2.   0.
   1.   2.   2.   0.   0.   0.   1.   1.   0.   1.   1.   0.   2.   2.
   0.   0.   1.   0.   1.   1.   1.   0.   1.   3.   0.   1.   2.   2.
   2.   1.   0.   0.   2.   0.   0.   0.   0.   2.   1.   0.   0.   0.
   1.   1.   1.   0.   0.   1.   0.   0.   0.   0.   2.   2.   0.   0.
   0.   0.   4.   1.   1.   1.   1.   0.   0.   0.   2.   0.   3.   0.
   1.   1.   1.   0.   0.   4.   0.   1.   0.   2.   2.   1.   2.   2.
   0.   0.   4.   0.   0.   0.   3.   0.   0.   1.   0.   0.   1.   1.
   0.   0.   0.   0.   0.   0.   0.   0.   0.   1.   0.   3.   1.   0.
   4.   0.   2.   3.   1.   1.   0.   0.   0.   1.   1.   0.   0.   0.
   0.   0.   2.   0.   2.   1.   0.   0.   0.   0.   4.   0.   7.   0.
   2.   0.   2.   0.   0.   2.   1.   0.   0.   0.   0.   0.   1.   0.
   0.   0.   2.   0.   0.   0.   0.   1.   0.   0.   0.   0.   0.   0.
   0.   0.   0.   0.   0.   0.   0.   0.   0.   0.   0.   0.   0.   0.
   0.   0.   0.   1.   0.   0.   0.   0.   0.   0.   0.   0.   0.   0.
   0.   0.   0.   0.   0.   0.   0.   0.   0.   0.   0.   0.   0.   0.
   0.   0.   0.   0.   0.   0.   0.   0.   0.   0.   0.   0.   0.   0.
   0.   0.   0.   0.   0.   0.   0.   0.   0.   0.   0.   0.   0.   0.
   0.   0.   0.   0.   0.   0.   0.   0.   0.   0.   0.   0.   0.   0.
   0.   0.   0.   0.   0.   0.   0.   0.   0.   0.   0.   0.   0.   0.
   0.   0.   0.   0.   0.   0.   0.   0.   0.   0.   0.   0.   0.   0.
   0.  87.   0.   0.   0.   0.   0.   0.   0.   0.   0.   0.   0.   0.
   0.   0.   0.   0.   0.   0.   0.   0.   0.   0.   0.   0.   0.   0.
   0.   0.   0.   0.   0.   0.   0.   0.   0.   0.   0.   0.   0.   0.
   0.   0.   0.   0.   0.   0.   0.   0.   0.   0.   0.   0.   0.   0.
   0.   0.   0.   0.   0.   0.   0.   0.   0.   0.   0.   0.   0.   0.
   0.   0.   0.   0.   0.   0.   0.   0.   0.   0.   0.   0.   0.   1.
   0.   0.   0.   1.   0.   1.   0.   0.   1.   0.   1.   0.   0.   2.
   0.   2.   2.   0.   1.   0.   0.   1.   1.   0.   1.   0.   0.   0.
   0.   5.   1.   1.   0.   1.   0.   1.   1.   1.   0.   1.   0.   0.
   0.   1.   0.   0.   0.   0.   0.   0.   1.   0.   0.   0.   0.   0.
   0.   0.   0.   0.   1.   2.   0.   0.   1.   0.   0.   0.   0.   1.
   1.   0.   1.   1.   1.   2.   0.   0.   0.   1.   1.   0.   0.   0.
   1.   2.   0.   1.   0.   2.   0.   0.   1.   0.   0.   1.   1.   0.
   0.   0.   0.   0.   1.   0.   1.   1.   1.   1.   0.   0.   0.   3.
   0.   2.   0.   0.   1.   0.   0.   1.   2.   0.   0.   1.   2.   1.
   1.   0.   0.   0.   0.   1.   1.   0.   0.   1.   0.   0.   1.   0.
   0.   0.   1.   1.   1.   0.   0.   0.   1.   0.   0.   0.   0.   0.
   0.   0.   0.   0.   1.   0.   0.   0.   0.   0.   0.   1.   0.   0.
   1.   0.   0.   0.   0.   0.   0.   0.   0.   1.   0.   0.   1.   0.
   0.   0.   1.   0.   0.   1.   0.   0.   0.   0.   0.   1.   1.   0.
   1.   0.]","['eyebrow_nose_mask', 'mouth_mask']",1
4,11,test_unknown_1500_1600_stone_met,2,"[ 0.  0.  0.  0.  0.  0.  0.  0.  0.  0.  0.  0.  0.  0.  0.  0.  0.  0.
  0.  0.  0.  0.  0.  0.  0.  0.  0.  0.  0.  0.  0.  0.  0.  0.  0.  0.
  0.  0.  0.  0.  0.  0.  0.  0.  0.  0.  0.  0.  0.  0.  0.  0.  0.  0.
  0.  0.  0.  0.  0.  0.  0.  0.  0.  0.  0.  0.  0.  0.  0.  0.  0.  0.
  0.  0.  0.  0.  0.  0.  0.  0.  0.  0.  0.  0.  0.  0.  0.  0.  0.  0.
  0.  0.  0.  0.  0.  0.  0.  0.  0.  0.  0.  0.  0.  0.  0.  0.  0.  0.
  0.  0.  0.  0.  0.  0.  0.  0.  0.  0.  0.  0.  0.  0.  0.  0.  0.  0.
  0.  0.  0.  0.  0.  0.  0.  0.  0.  0.  0.  0.  0.  0.  0.  0.  0.  0.
  0.  0.  0.  0.  0.  0.  0.  0.  0.  0.  0.  0.  0.  0.  0.  0.  0.  0.
  0.  0.  0.  0.  0.  0.  0.  0.  0.  0.  0.  0.  0.  0.  0.  0.  0.  0.
  0.  0.  0. 82.  0.  0.  0.  0.  0.  0.  0.  0.  0.  0.  0.  0.  0.  0.
  0.  0.  0.  6.  0.  0.  0.  0.  0.  0.  0.  0.  0.  0.  0.  0.  0.  0.
  0.  0.  2.  0.  0.  0.  2.  0. 17.  3.  0.  0.  0.  0.  0.  0.  0.  0.
  0.  0.  0.  0.  0.  0.  0.  0.  2.  0.  0.  0.  0.  0.  0.  0.  0.  0.
  0.  0.  0.  0.  2.  0.  0.  0.  0.  0.  5.  0.  0.  0.  0.  1.  0.  0.
  1.  0.  0.  0.  0.  1.  0.  0.  1.  0.  2.  0.  0.  0.  0.  0.  0.  0.
  0.  1.  3.  0.  0.  0.  0.  0.  2.  0.  0.  0.  2.  2.  0.  0.  0.  0.
  0.  0.  0.  1.  0.  0.  0.  5.  0.  0.  0.  1.  0.  0.  0.  0.  0.  0.
  0.  0.  0.  0.  0.  0.  0.  0.  0.  0.  0.  0.  0.  0.  0.  2.  1.  0.
  0.  0.  0.  0.  0.  0.  0.  0.  6.  0.  0.  1.  0.  0.  0.  0.  0.  0.
  1.  0.  0.  0.  0.  0.  1.  0.  1.  0.  0.  0.  1.  0.  0.  0.  1.  0.
  0.  0.  0.  0.  0.  0.  0.  0.  0.  0.  3.  0.  0.  0.  1.  0.  0.  0.
  0.  0.  1.  0.  0.  0.  0.  0.  0.  0.  0.  0.  0.  0.  0.  0.  0.  0.
  0.  0.  0.  0.  0.  0.  0.  0.  0.  0.  0.  0.  0.  0.  0.  0.  0.  0.
  0.  0.  0.  0.  0.  0.  0.  0.  0.  0.  0.  0.  0.  0.  0.  0.  0.  0.
  0.  0.  0.  0.  0.  0.  0.  0.  0.  0.  0.  0.  0.  0.  0.  0.  0.  0.
  0.  0.  0.  0.  0.  0.  0.  0.  0.  0.  0.  0.  0.  0.  0.  0.  0.  0.
  0.  0.  0.  0.  0.  0.  0.  0.  0.  0.  0.  0.  0.  0.  0.  0.  0.  0.
  0.  0.  0.  0.  0.  0.  0.  0.  0.  0.  0.  0.  0.  0.  0. 63.  0.  0.
  0.  0.  0.  0.  0.  0.  0.  0.  0.  0.  0.  0.  0.  0.  0.  0.  0.  0.
  0.  0.  0.  0.  0.  0.  0.  0.  0.  0.  0.  0.  0.  0.  0.  0.  0.  0.
  0.  0.  0.  0.  0.  0.  0.  0.  0.  0.  0.  0.  0.  0.  0.  0.  0.  0.
  0.  0.  0.  0.  0.  0.  0.  0.  0.  0.  0.  0.  0.  0.  0.  0.  0.  0.
  0.  0.  0.  0.  0.  0.  0.  0.  0.  1.  0.  0.  0.  0.  0.  0.  0.  0.
  3.  1.  0.  1.  0.  0.  0.  0.  0.  0.  0.  0.  0.  1.  0.  0.  2.  1.
  0.  0.  1.  0.  0.  0.  0.  1.  1.  0.  2.  0.  0.  0.  0.  0.  0.  0.
  1.  0.  0.  0.  1.  0.  0.  0.  0.  1.  0.  0.  0.  0.  0.  2.  1.  0.
  0.  0.  0.  0.  0.  0.  1.  0.  0.  0.  2.  1.  0.  5.  0.  0.  2.  0.
  0.  0.  0.  0.  1.  2.  0.  0.  0.  0.  0.  0.  0.  0.  0.  0.  1.  0.
  0.  1.  0.  0.  0.  1.  0.  0.  0.  0.  0.  0.  0.  1.  0.  0.  0.  1.
  0.  0.  1.  0.  0.  0.  0.  0.  0.  0.  0.  0.  0.  0.  0.  0.  0.  0.
  0.  0.  0.  0.  0.  0.  0.  0.  0.  0.  0.  0.  7.  1.  0.  0.  0.  0.
  0.  0.  0.  0.  0.  0.  0.  0.  0.  0.  0.  0.  0.  0.  0.  1.  0.  0.
  0.  0.  0.  0.  0.  0.  4.  0.  1.  0.  0.  1.  0.  0.  0.  3.  0.  0.
  0.  0.  0.  0.  0.  1.  3.  0.]","['eyebrow_nose_mask', 'mouth_mask']",1
5,16,test_sukhothai_walking_1400_bronze_walters,2,"[  0.   0.   0.   0.   0.   0.   0.   0.   0.   0.   0.   0.   0.   0.
   0.   0.   0.   0.   0.   0.   0.   0.   0.   0.   0.   0.   0.   0.
   0.   0.   0.   0.   0.   0.   0.   0.   0.   0.   0.   0.   0.   0.
   0.   0.   0.   0.   0.   0.   0.   0.   0.   0.   0.   0.   0.   0.
   0.   0.   0.   0.   0.   0.   0.   0.   0.   0.   0.   0.   0.   0.
   0.   0.   0.   0.   0.   0.   0.   0.   0.   0.   0.   0.   0.   0.
   0.   0.   0.   0.   0.   0.   0.   0.   0.   0.   0.   0.   0.   0.
   0.   0.   0.   0.   0.   0.   0.   0.   0.   0.   0.   0.   0.   0.
   0.   0.   0.   0.   0.   0.   0.   0.   0.   0.   0.   0.   0.   0.
   0.   0.   0.   0.   0.   0.   0.   0.   0.   0.   0.   0.   0.   0.
   0.   0.   0.   0.   0.   0.   0.   0.   0.   0.   0.   0.   0.   0.
   0.   0.   0.   0.   0.   0.   0.   0.   0.   0.   0.   0.   0.   0.
   0.   0.   0.   0.   0.   0.   0.   0.   0.   0.   0.   0.   0.   0.
   0. 211.   0.   0.   0.   0.   0.   0.   0.   0.   0.   0.   0.   0.
   0.   0.   0.   0.   2.   1.   0.   0.   0.   1.   2.   0.   5.   4.
   2.   2.   0.   2.   2.   0.   0.   3.   8.   1.   3.   1.   1.   1.
   2.   1.   0.   2.   3.   1.   0.   2.   0.   1.   0.   0.   1.   0.
   1.   2.   2.   0.   0.   0.   2.   1.   1.   5.   1.   1.   1.   1.
   0.   0.   1.   0.   2.   0.   2.   0.   0.   1.   2.   2.   0.   0.
   1.   2.   2.   1.   0.   1.   2.   0.   2.   0.   1.   2.   0.   3.
   0.   4.   2.   0.   1.   0.   3.   2.   3.   4.   3.   0.   1.   1.
   1.   1.   1.   1.   1.   1.   0.   0.   0.   4.   0.   0.   2.   1.
   2.   0.   1.   0.   2.   2.   0.   1.   1.   0.   1.   0.   0.   1.
   2.   0.   1.   1.   0.   1.   0.   0.   0.   2.   1.   0.   0.   0.
   0.   1.   1.   3.   1.   1.   0.   0.   0.   0.   1.   0.   1.   1.
   3.   0.   0.   4.   2.   1.   1.   0.   2.   4.   0.   0.   0.   0.
   0.   0.   1.   0.   0.   0.   1.   1.   1.   0.   0.   0.   1.   3.
   0.   1.   1.   1.   1.   1.   1.   0.   1.   0.   1.   0.   1.   0.
   1.   2.   1.   0.   2.   2.   4.   0.   0.   0.   0.   0.   0.   0.
   0.   0.   0.   0.   0.   0.   0.   0.   0.   0.   0.   0.   0.   0.
   0.   0.   0.   0.   0.   0.   0.   0.   0.   0.   0.   0.   0.   0.
   0.   0.   0.   0.   0.   0.   0.   0.   0.   0.   0.   0.   0.   0.
   0.   0.   0.   0.   0.   0.   0.   0.   0.   0.   0.   0.   0.   0.
   0.   0.   0.   0.   0.   0.   0.   0.   0.   0.   0.   0.   0.   0.
   0.   0.   0.   0.   0.   0.   0.   0.   0.   0.   0.   0.   0.   0.
   0.   0.   0.   0.   0.   0.   0.   0.   0.   0.   0.   0.   0.   0.
   0.   0.   0.   0.   0.   0.   0.   0.   0.   0.   0.   0.   0.   0.
   0. 101.   0.   0.   0.   0.   0.   0.   0.   0.   0.   0.   0.   0.
   0.   0.   0.   0.   0.   0.   0.   0.   0.   0.   0.   0.   0.   0.
   0.   0.   0.   0.   0.   0.   0.   0.   0.   0.   0.   0.   0.   0.
   0.   0.   0.   0.   0.   0.   0.   0.   0.   0.   0.   0.   0.   0.
   0.   0.   0.   0.   0.   0.   0.   0.   0.   0.   0.   0.   0.   0.
   0.   0.   0.   0.   0.   0.   0.   0.   0.   0.   0.   0.   0.   1.
   0.   0.   1.   1.   0.   1.   1.   0.   0.   0.   1.   1.   2.   2.
   0.   0.   1.   0.   0.   1.   0.   1.   2.   2.   0.   0.   2.   0.
   0.   0.   1.   1.   0.   0.   2.   0.   2.   1.   1.   0.   0.   2.
   0.   0.   0.   0.   0.   1.   1.   0.   0.   0.   0.   0.   1.   0.
   0.   1.   0.   3.   0.   0.   2.   0.   0.   0.   0.   0.   1.   0.
   0.   0.   0.   2.   0.   2.   1.   0.   0.   0.   0.   2.   1.   0.
   0.   2.   0.   0.   0.   0.   1.   0.   1.   0.   1.   1.   0.   1.
   1.   0.   0.   2.   0.   1.   0.   1.   0.   1.   1.   0.   0.   1.
   2.   0.   0.   1.   0.   2.   0.   0.   0.   0.   0.   0.   1.   0.
   0.   2.   0.   0.   0.   2.   1.   1.   1.   0.   0.   0.   1.   0.
   0.   1.   1.   1.   0.   3.   0.   0.   1.   0.   0.   0.   0.   0.
   0.   0.   0.   0.   1.   0.   2.   0.   0.   0.   1.   2.   2.   0.
   0.   0.   2.   0.   0.   0.   0.   0.   0.   1.   0.   0.   0.   0.
   3.   1.   1.   0.   1.   0.   0.   0.   0.   0.   0.   0.   0.   0.
   0.   0.]","['eyebrow_nose_mask', 'mouth_mask']",0
6,17,test_unknown_1500_bronze_met,2,"[  0.   0.   1.   0.   0.   0.   0.   0.   0.   0.   0.   0.   0.   0.
   0.   0.   0.   0.   0.   0.   0.   0.   0.   0.   0.   0.   0.   0.
   0.   0.   0.   0.   0.   0.   0.   0.   0.   0.   0.   0.   0.   0.
   0.   0.   0.   0.   0.   0.   0.   0.   0.   0.   0.   0.   0.   0.
   0.   0.   0.   0.   0.   0.   0.   0.   0.   1.   0.   0.   0.   0.
   0.   0.   0.   0.   0.   0.   0.   0.   0.   0.   0.   0.   0.   0.
   0.   0.   0.   0.   0.   0.   0.   0.   0.   0.   0.   0.   0.   0.
   0.   0.   0.   0.   0.   0.   0.   0.   0.   0.   0.   0.   0.   0.
   0.   0.   0.   0.   0.   0.   0.   0.   0.   0.   0.   0.   0.   0.
   0.   0.   0.   0.   0.   0.   0.   0.   0.   0.   0.   0.   0.   0.
   0.   0.   0.   0.   0.   0.   0.   0.   0.   0.   0.   0.   0.   0.
   0.   0.   0.   0.   0.   0.   0.   0.   0.   0.   0.   0.   1.   0.
   0.   0.   0.   0.   0.   0.   0.   0.   0.   0.   0.   0.   0.   0.
   0. 260.   0.   0.   0.   0.   0.   0.   0.   0.   0.   0.   0.   0.
   0.   0.   0.   0.   0.   2.   0.   0.   1.   0.   0.   0.   4.   1.
   0.   0.   1.   0.   3.   0.   0.   3.   2.   0.   6.   0.   9.   0.
   8.   2.   0.   0.   1.   0.   0.   0.   1.   0.   1.   0.   0.   0.
   1.   4.   0.   1.   1.   0.   2.   1.   0.   3.   0.   1.   3.   0.
   1.   1.   1.   5.   3.   1.   0.   0.   0.   5.   1.   2.   3.   2.
   1.   0.   6.   0.   3.   0.   1.   1.   5.   3.   1.   3.   2.   1.
   1.   5.   0.   0.   1.   3.   5.   2.   0.   2.   3.   2.   1.   2.
   0.   0.   2.   5.   1.   1.   2.   0.   0.   5.   2.   1.   0.   3.
   3.   0.   0.   2.   3.   2.   1.   5.   1.   1.   0.   1.   1.   0.
   0.   0.   1.   4.   1.   0.   1.   1.   2.   0.   0.   1.   2.   0.
   2.   0.   1.   1.   1.   2.   1.   0.   0.   0.   2.   4.   1.   1.
   1.   0.   1.   5.   2.   2.   2.   0.   3.   3.   0.   1.   0.   0.
   1.   1.   1.   0.   1.   1.   0.   1.   0.   0.   1.   1.   2.   1.
   0.   1.   0.   2.   0.   1.   1.   2.   0.   0.   3.   1.   3.   0.
   0.   2.   1.   0.   1.   1.   1.   0.   0.   0.   0.   0.   0.   0.
   0.   0.   0.   0.   0.   0.   0.   0.   0.   0.   0.   0.   0.   0.
   0.   0.   0.   1.   0.   1.   0.   0.   0.   0.   0.   0.   0.   0.
   0.   1.   0.   0.   0.   0.   0.   0.   0.   0.   0.   0.   0.   0.
   0.   0.   0.   0.   0.   0.   0.   0.   0.   0.   0.   0.   0.   0.
   0.   0.   0.   0.   0.   0.   0.   0.   0.   0.   0.   0.   0.   0.
   0.   1.   0.   0.   0.   0.   0.   0.   0.   0.   0.   0.   0.   0.
   0.   0.   0.   0.   0.   0.   0.   0.   0.   0.   0.   0.   0.   0.
   0.   0.   0.   0.   0.   0.   0.   0.   0.   0.   0.   0.   0.   0.
   0. 114.   0.   1.   0.   0.   0.   0.   0.   0.   0.   0.   0.   0.
   0.   0.   0.   0.   0.   0.   0.   0.   0.   0.   0.   0.   0.   0.
   0.   0.   0.   0.   0.   0.   0.   0.   0.   0.   0.   0.   0.   0.
   0.   0.   0.   0.   0.   0.   0.   0.   0.   0.   0.   0.   0.   0.
   0.   0.   0.   0.   0.   0.   0.   0.   0.   0.   0.   0.   0.   0.
   0.   0.   0.   0.   0.   0.   0.   0.   0.   0.   0.   0.   0.   2.
   0.   0.   0.   0.   0.   0.   0.   0.   0.   0.   0.   0.   1.   2.
   0.   2.   2.   0.   0.   0.   1.   0.   3.   0.   1.   0.   1.   0.
   1.   2.   2.   2.   0.   0.   1.   0.   0.   1.   1.   0.   0.   1.
   1.   0.   0.   0.   2.   0.   0.   0.   0.   0.   0.   0.   1.   2.
   0.   2.   0.   4.   0.   0.   0.   0.   1.   2.   1.   0.   0.   2.
   0.   0.   0.   0.   1.   0.   1.   0.   0.   0.   1.   1.   0.   2.
   1.   2.   0.   1.   0.   0.   0.   0.   0.   0.   1.   0.   1.   2.
   0.   0.   2.   0.   0.   1.   0.   0.   2.   4.   0.   0.   0.   2.
   0.   0.   0.   3.   0.   1.   2.   3.   0.   0.   0.   2.   3.   2.
   1.   1.   3.   0.   0.   2.   3.   2.   1.   0.   0.   0.   0.   0.
   0.   0.   0.   1.   0.   0.   0.   0.   4.   0.   0.   0.   0.   1.
   1.   1.   0.   0.   0.   0.   0.   0.   0.   1.   0.   1.   0.   1.
   0.   0.   0.   0.   1.   0.   0.   2.   1.   0.   0.   0.   0.   0.
   2.   0.   0.   0.   0.   0.   0.   1.   0.   0.   0.   2.   0.   0.
   0.   1.]","['eyebrow_nose_mask', 'mouth_mask']",0
7,18,test_ayutthaya_1700_hollow_cast_bronze_crowned_walters,2,"[  0.   0.   0.   0.   0.   0.   0.   0.   0.   0.   0.   0.   0.   0.
   0.   0.   0.   0.   0.   0.   0.   0.   0.   0.   0.   0.   0.   0.
   0.   0.   0.   0.   0.   0.   0.   0.   0.   0.   0.   0.   0.   0.
   0.   0.   0.   0.   0.   0.   0.   0.   0.   0.   0.   0.   0.   0.
   0.   0.   0.   0.   0.   0.   0.   0.   0.   0.   0.   0.   0.   0.
   0.   0.   0.   0.   0.   0.   0.   0.   0.   0.   0.   0.   0.   0.
   0.   0.   0.   0.   0.   0.   0.   0.   0.   0.   0.   0.   0.   0.
   0.   0.   0.   0.   0.   0.   0.   0.   0.   0.   0.   0.   0.   0.
   0.   0.   0.   0.   0.   0.   0.   0.   0.   0.   0.   0.   0.   0.
   0.   0.   0.   0.   0.   0.   0.   0.   1.   0.   0.   0.   0.   0.
   0.   0.   0.   0.   0.   0.   0.   0.   0.   0.   0.   0.   0.   0.
   0.   0.   0.   0.   0.   0.   0.   0.   0.   0.   0.   0.   0.   0.
   0.   0.   0.   0.   0.   0.   0.   0.   0.   0.   0.   0.   0.   0.
   0. 148.   0.   0.   0.   0.   0.   0.   0.   0.   0.   0.   0.   0.
   0.   0.   0.   0.   1.   0.   1.   0.   1.   2.   2.   0.   4.   5.
   2.   1.   0.   1.   1.   0.   1.   0.   0.   1.   2.   2.   3.   0.
   4.   0.   0.   0.   0.   0.   1.   0.   0.   0.   1.   1.   0.   0.
   1.   1.   1.   0.   0.   1.   0.   2.   0.   1.   0.   1.   2.   1.
   0.   0.   0.   1.   0.   0.   3.   0.   0.   1.   2.   4.   2.   1.
   0.   1.   0.   0.   3.   0.   2.   0.   0.   0.   6.   0.   3.   0.
   0.   5.   0.   0.   1.   1.   1.   0.   0.   3.   0.   0.   1.   1.
   1.   0.   1.   1.   0.   0.   1.   1.   0.   2.   0.   0.   0.   1.
   1.   1.   0.   0.   1.   4.   1.   2.   1.   1.   0.   0.   2.   0.
   0.   0.   2.   1.   0.   0.   1.   0.   0.   0.   0.   0.   1.   0.
   0.   0.   0.   2.   2.   3.   0.   0.   1.   0.   0.   1.   1.   0.
   0.   0.   0.   1.   0.   0.   1.   0.   0.   1.   2.   1.   1.   0.
   0.   1.   2.   0.   1.   1.   0.   0.   1.   0.   0.   0.   3.   1.
   0.   1.   1.   0.   0.   2.   0.   0.   0.   1.   0.   0.   0.   0.
   0.   0.   0.   0.   0.   0.   0.   0.   0.   0.   0.   0.   0.   0.
   0.   0.   0.   0.   0.   0.   0.   0.   0.   0.   0.   0.   0.   0.
   0.   0.   0.   0.   0.   0.   0.   0.   0.   0.   0.   0.   0.   0.
   0.   0.   0.   0.   0.   0.   0.   0.   0.   0.   0.   0.   0.   0.
   0.   0.   0.   0.   0.   0.   0.   0.   0.   0.   0.   0.   0.   0.
   0.   0.   0.   0.   0.   0.   0.   0.   0.   0.   0.   0.   0.   0.
   0.   0.   0.   0.   0.   0.   0.   0.   0.   0.   0.   0.   0.   0.
   0.   0.   0.   0.   0.   0.   0.   0.   0.   0.   0.   0.   0.   0.
   0.   0.   0.   0.   0.   0.   0.   0.   0.   0.   0.   0.   0.   0.
   0.  78.   0.   0.   0.   0.   0.   0.   0.   0.   0.   0.   0.   0.
   0.   0.   0.   0.   0.   0.   0.   0.   0.   0.   0.   0.   0.   0.
   0.   0.   0.   0.   0.   0.   0.   0.   0.   0.   0.   0.   0.   0.
   0.   0.   0.   0.   0.   0.   0.   0.   0.   0.   0.   0.   0.   0.
   0.   0.   0.   0.   0.   0.   0.   0.   0.   0.   0.   0.   0.   0.
   0.   0.   0.   0.   0.   0.   0.   0.   0.   0.   0.   0.   0.   1.
   0.   1.   5.   1.   0.   0.   1.   0.   2.   0.   0.   1.   0.   2.
   1.   2.   0.   0.   0.   1.   0.   1.   0.   0.   0.   0.   1.   2.
   0.   7.   0.   1.   0.   0.   0.   0.   0.   0.   3.   1.   0.   0.
   0.   0.   0.   0.   0.   0.   0.   0.   0.   0.   0.   0.   0.   0.
   0.   1.   0.   0.   0.   1.   0.   0.   0.   0.   0.   0.   0.   0.
   0.   1.   0.   2.   2.   0.   1.   0.   0.   0.   1.   0.   0.   0.
   0.   3.   0.   1.   0.   1.   0.   1.   1.   0.   0.   0.   0.   0.
   0.   0.   0.   1.   0.   0.   0.   1.   1.   0.   0.   1.   1.   1.
   0.   0.   1.   1.   0.   0.   0.   0.   3.   0.   0.   0.   0.   1.
   0.   0.   0.   0.   0.   1.   1.   0.   0.   0.   0.   0.   0.   0.
   0.   1.   0.   0.   0.   0.   0.   0.   0.   0.   0.   0.   0.   3.
   0.   0.   0.   0.   0.   0.   2.   0.   0.   0.   1.   1.   0.   0.
   2.   2.   1.   0.   0.   0.   0.   0.   0.   0.   0.   0.   0.   0.
   0.   1.   0.   0.   0.   0.   0.   0.   0.   0.   0.   0.   0.   0.
   0.   0.]","['eyebrow_nose_mask', 'mouth_mask']",1
8,19,test_ayutthaya_u_thong_1300_1400_bronze_walters,2,"[  0.   0.   0.   0.   0.   0.   0.   0.   0.   0.   0.   0.   0.   0.
   0.   0.   0.   0.   0.   0.   0.   0.   0.   0.   0.   0.   0.   0.
   0.   0.   0.   0.   0.   0.   0.   0.   0.   0.   0.   0.   0.   0.
   0.   0.   0.   0.   0.   0.   0.   0.   0.   0.   0.   0.   0.   0.
   0.   0.   1.   0.   0.   0.   0.   0.   0.   0.   0.   0.   0.   0.
   0.   0.   0.   0.   0.   0.   0.   0.   0.   0.   0.   0.   0.   0.
   0.   0.   0.   0.   0.   0.   0.   0.   0.   0.   0.   0.   0.   0.
   0.   0.   0.   0.   0.   0.   0.   0.   0.   0.   0.   0.   0.   0.
   0.   0.   0.   0.   0.   0.   0.   0.   0.   0.   0.   0.   0.   0.
   0.   0.   0.   0.   0.   0.   0.   0.   0.   0.   0.   0.   0.   0.
   0.   0.   0.   0.   0.   0.   0.   0.   0.   0.   0.   0.   0.   0.
   0.   1.   0.   0.   0.   0.   0.   0.   0.   0.   0.   0.   0.   0.
   0.   0.   0.   0.   0.   0.   0.   0.   0.   0.   0.   0.   0.   0.
   0. 132.   0.   0.   0.   0.   0.   0.   0.   0.   0.   0.   0.   0.
   0.   0.   0.   0.   1.   0.   0.   0.   2.   0.   1.   0.   0.   2.
   1.   1.   2.   1.   1.   1.   2.   2.   0.   1.   0.   4.   0.   0.
   1.   2.   0.   1.   0.   0.   5.   2.   0.   1.   0.   0.   1.   1.
   1.   1.   0.   1.   0.   1.   2.   0.   1.   1.   0.   0.   2.   1.
   0.   0.   0.   0.   0.   2.   0.   1.   0.   2.   0.   0.   0.   1.
   1.   4.   0.   0.   2.   0.   0.   0.   1.   4.   0.   1.   0.   1.
   0.   1.   0.   0.   1.   0.   1.   0.   2.   1.   0.   1.   1.   0.
   0.   1.   0.   0.   0.   1.   2.   0.   0.   1.   0.   0.   0.   0.
   1.   0.   0.   0.   2.   0.   0.   0.   0.   0.   0.   1.   0.   0.
   0.   1.   0.   1.   1.   0.   4.   0.   0.   1.   1.   0.   1.   1.
   1.   0.   1.   0.   0.   1.   0.   0.   4.   1.   1.   1.   0.   2.
   1.   0.   0.   1.   1.   2.   0.   1.   1.   2.   0.   0.   0.   3.
   0.   0.   0.   1.   0.   0.   0.   3.   0.   1.   1.   0.   1.   0.
   1.   0.   0.   1.   0.   0.   1.   0.   0.   0.   1.   0.   1.   0.
   2.   0.   0.   0.   0.   0.   1.   0.   0.   0.   0.   0.   0.   0.
   0.   0.   0.   0.   0.   0.   0.   0.   0.   0.   0.   0.   0.   0.
   0.   0.   0.   0.   0.   0.   0.   0.   0.   0.   0.   0.   0.   0.
   0.   0.   0.   0.   0.   0.   0.   0.   0.   0.   0.   0.   0.   0.
   0.   0.   0.   0.   0.   0.   0.   0.   0.   0.   0.   0.   0.   0.
   0.   0.   0.   0.   0.   0.   0.   0.   0.   0.   0.   0.   0.   0.
   0.   0.   0.   0.   0.   0.   0.   0.   0.   0.   0.   0.   0.   0.
   0.   0.   0.   0.   0.   0.   0.   0.   0.   0.   0.   0.   0.   0.
   0.   0.   0.   0.   0.   0.   0.   0.   0.   0.   0.   0.   0.   0.
   0.  70.   0.   0.   0.   0.   0.   0.   0.   0.   0.   0.   0.   0.
   0.   0.   0.   0.   0.   0.   0.   0.   0.   0.   0.   0.   0.   0.
   0.   0.   0.   0.   0.   0.   0.   0.   0.   0.   0.   0.   0.   0.
   0.   0.   0.   0.   0.   0.   0.   0.   0.   0.   0.   0.   0.   0.
   0.   0.   0.   0.   0.   0.   0.   0.   0.   0.   0.   0.   0.   0.
   0.   0.   0.   0.   0.   0.   0.   0.   0.   0.   0.   0.   0.   1.
   0.   1.   1.   0.   1.   1.   0.   0.   0.   0.   0.   0.   4.   1.
   0.   2.   0.   0.   0.   0.   1.   1.   0.   0.   0.   0.   0.   0.
   2.   1.   1.   0.   0.   0.   0.   0.   2.   2.   0.   0.   0.   0.
   1.   0.   2.   0.   0.   0.   0.   0.   0.   0.   0.   0.   1.   1.
   0.   0.   0.   1.   1.   1.   0.   0.   1.   2.   0.   1.   1.   2.
   0.   0.   0.   0.   1.   2.   0.   0.   1.   0.   0.   0.   0.   0.
   0.   0.   0.   2.   0.   0.   0.   0.   0.   0.   2.   0.   0.   1.
   1.   0.   0.   0.   0.   2.   0.   0.   0.   1.   0.   0.   0.   0.
   0.   0.   0.   1.   0.   0.   1.   0.   0.   0.   0.   0.   2.   1.
   1.   1.   0.   0.   0.   0.   1.   0.   0.   1.   0.   0.   0.   0.
   1.   0.   0.   0.   0.   0.   0.   1.   0.   0.   0.   2.   0.   0.
   0.   0.   0.   0.   0.   0.   0.   0.   0.   0.   0.   0.   0.   0.
   0.   0.   1.   0.   0.   0.   0.   0.   1.   0.   0.   0.   0.   0.
   0.   0.   0.   0.   0.   2.   0.   2.   0.   0.   0.   1.   0.   0.
   0.   0.]","['eyebrow_nose_mask', 'mouth_mask']",1
9,25,test_unknown_buddha_1400_bronze_met,2,"[ 0.  0.  0.  0.  0.  0.  0.  0.  0.  0.  0.  0.  0.  0.  0.  0.  0.  0.
  0.  0.  0.  0.  0.  0.  0.  0.  0.  0.  0.  0.  0.  0.  0.  0.  0.  0.
  0.  0.  0.  0.  0.  0.  0.  0.  0.  0.  0.  0.  0.  0.  0.  0.  0.  0.
  0.  0.  0.  0.  0.  0.  0.  0.  0.  0.  0.  0.  0.  0.  0.  0.  0.  0.
  0.  0.  0.  0.  0.  0.  0.  0.  0.  0.  0.  0.  0.  0.  0.  0.  0.  0.
  0.  0.  0.  0.  0.  0.  0.  0.  0.  0.  0.  0.  0.  0.  0.  0.  0.  0.
  0.  0.  0.  0.  0.  0.  0.  0.  0.  0.  0.  0.  0.  0.  0.  0.  0.  0.
  0.  0.  0.  0.  0.  0.  0.  0.  0.  0.  0.  1.  0.  0.  0.  0.  0.  0.
  0.  0.  0.  0.  0.  0.  0.  0.  0.  0.  0.  0.  0.  0.  0.  0.  0.  0.
  0.  0.  0.  0.  0.  0.  0.  0.  0.  0.  0.  0.  0.  0.  0.  0.  0.  0.
  0.  0.  0. 51.  0.  0.  0.  0.  0.  0.  0.  0.  0.  0.  0.  0.  0.  0.
  0.  0.  2.  0.  0.  0.  0.  0.  1.  0.  0.  3.  0.  0.  0.  0.  1.  0.
  1.  0.  0.  0.  0.  0.  0.  0.  2.  1.  0.  0.  0.  2.  1.  0.  0.  0.
  0.  0.  0.  0.  0.  0.  2.  0.  2.  1.  1.  0.  0.  0.  1.  0.  0.  0.
  0.  0.  0.  0.  0.  0.  0.  0.  0.  0.  0.  0.  0.  0.  0.  1.  0.  0.
  2.  0.  0.  0.  0.  0.  0.  0.  0.  0.  0.  1.  0.  0.  0.  0.  1.  1.
  0.  0.  1.  1.  0.  0.  0.  0.  1.  0.  2.  0.  0.  0.  0.  0.  1.  0.
  0.  1.  0.  0.  0.  0.  0.  0.  0.  1.  0.  0.  0.  1.  0.  0.  0.  0.
  0.  0.  0.  0.  0.  0.  0.  1.  0.  0.  1.  0.  0.  1.  0.  1.  0.  0.
  0.  0.  0.  0.  0.  0.  0.  1.  1.  0.  0.  1.  1.  0.  0.  0.  0.  0.
  0.  0.  0.  0.  1.  0.  1.  0.  1.  0.  0.  0.  0.  0.  0.  2.  1.  0.
  1.  0.  0.  0.  0.  0.  0.  0.  0.  0.  0.  0.  0.  0.  1.  0.  0.  0.
  0.  0.  0.  0.  0.  0.  0.  0.  0.  0.  0.  0.  0.  0.  0.  0.  0.  0.
  0.  0.  0.  0.  0.  0.  0.  0.  0.  0.  0.  0.  0.  0.  0.  0.  0.  0.
  0.  0.  0.  0.  0.  0.  0.  0.  0.  0.  0.  0.  0.  0.  0.  0.  0.  0.
  0.  0.  0.  0.  0.  0.  0.  0.  0.  0.  0.  0.  0.  0.  0.  0.  0.  0.
  0.  0.  0.  0.  0.  0.  0.  0.  0.  0.  0.  0.  0.  0.  0.  0.  0.  0.
  0.  0.  0.  0.  0.  0.  0.  0.  0.  0.  0.  0.  0.  0.  0.  0.  0.  0.
  0.  0.  0.  0.  0.  0.  0.  0.  0.  0.  0.  0.  0.  0.  0. 39.  0.  0.
  0.  0.  0.  0.  0.  0.  0.  0.  0.  0.  0.  0.  0.  0.  0.  0.  0.  0.
  0.  0.  0.  0.  0.  0.  0.  0.  0.  0.  0.  0.  0.  0.  0.  0.  0.  0.
  0.  0.  0.  0.  0.  0.  0.  0.  0.  0.  0.  0.  0.  0.  0.  0.  0.  0.
  0.  0.  0.  0.  0.  0.  0.  0.  0.  0.  0.  0.  0.  0.  0.  0.  0.  0.
  0.  0.  0.  0.  0.  0.  0.  0.  0.  0.  2.  0.  0.  0.  0.  0.  0.  0.
  0.  0.  0.  2.  0.  0.  0.  0.  1.  0.  1.  0.  0.  1.  1.  1.  1.  0.
  0.  0.  0.  0.  2.  0.  0.  0.  0.  0.  0.  0.  0.  0.  0.  0.  0.  0.
  0.  0.  2.  0.  0.  0.  0.  0.  0.  0.  0.  0.  0.  0.  0.  0.  0.  0.
  0.  0.  0.  0.  1.  2.  0.  1.  0.  0.  1.  1.  0.  2.  0.  1.  0.  1.
  0.  0.  0.  1.  0.  1.  2.  1.  0.  0.  0.  0.  1.  0.  0.  0.  0.  0.
  0.  0.  0.  1.  0.  1.  0.  0.  0.  0.  0.  0.  0.  0.  0.  0.  0.  0.
  0.  0.  0.  0.  0.  0.  0.  0.  0.  1.  0.  0.  0.  1.  0.  0.  0.  0.
  0.  0.  0.  0.  0.  1.  0.  0.  0.  2.  0.  0.  1.  0.  0.  0.  0.  0.
  0.  0.  0.  0.  0.  0.  0.  0.  0.  0.  0.  0.  0.  0.  0.  0.  0.  0.
  0.  0.  0.  0.  0.  0.  0.  0.  0.  0.  0.  0.  0.  0.  0.  0.  0.  0.
  0.  0.  0.  1.  0.  0.  0.  0.]","['eyebrow_nose_mask', 'mouth_mask']",1
10,26,test_ayutthaya_1300_u_thong_bronze_NSW,2,"[  0.   1.   1.   0.   0.   0.   0.   1.   0.   0.   0.   0.   0.   0.
   0.   0.   0.   0.   0.   0.   0.   0.   0.   0.   0.   0.   0.   0.
   0.   0.   0.   0.   0.   0.   0.   0.   0.   0.   0.   0.   0.   0.
   0.   0.   0.   0.   0.   0.   0.   0.   0.   0.   0.   0.   0.   0.
   0.   0.   0.   0.   0.   0.   0.   0.   0.   0.   0.   0.   0.   0.
   0.   0.   0.   0.   0.   0.   0.   0.   0.   0.   0.   0.   0.   0.
   0.   0.   0.   0.   0.   0.   0.   0.   0.   0.   0.   0.   0.   0.
   0.   0.   0.   0.   0.   0.   0.   0.   0.   0.   0.   0.   0.   0.
   0.   0.   0.   0.   0.   0.   0.   0.   0.   0.   0.   0.   0.   0.
   0.   0.   0.   0.   0.   0.   0.   0.   1.   0.   0.   0.   0.   0.
   0.   0.   0.   0.   0.   0.   0.   0.   0.   0.   0.   0.   0.   0.
   0.   0.   0.   0.   0.   0.   0.   0.   0.   0.   0.   0.   0.   0.
   0.   0.   0.   0.   0.   0.   0.   0.   0.   0.   0.   0.   0.   0.
   0. 120.   0.   0.   0.   0.   0.   0.   0.   0.   0.   0.   0.   0.
   0.   0.   0.   0.   0.   1.   0.   0.   0.   0.   0.   0.   0.   0.
   0.   0.   2.   0.   0.   0.   0.   0.   2.   2.   0.   0.   0.   0.
   5.   1.   1.   0.   0.   1.   0.   2.   0.   2.   0.   1.   0.   0.
   2.   3.   0.   0.   0.   2.   1.   1.   0.   3.   0.   0.   0.   1.
   0.   0.   0.   1.   2.   0.   1.   0.   2.   1.   0.   0.   0.   1.
   3.   0.   1.   0.   1.   2.   0.   1.   0.   0.   4.   0.   1.   0.
   1.   2.   1.   0.   0.   0.   7.   0.   0.   2.   0.   1.   0.   2.
   1.   1.   0.   0.   0.   0.   0.   4.   0.   1.   1.   0.   0.   2.
   2.   1.   1.   0.   1.   0.   0.   1.   1.   1.   1.   2.   0.   2.
   0.   0.   0.   2.   0.   0.   0.   1.   0.   0.   0.   0.   0.   2.
   0.   0.   1.   0.   0.   0.   0.   0.   0.   0.   0.   1.   2.   1.
   0.   0.   0.   0.   0.   1.   0.   0.   0.   0.   0.   0.   0.   0.
   1.   1.   0.   0.   0.   0.   0.   1.   0.   1.   0.   0.   3.   3.
   2.   1.   0.   1.   0.   0.   0.   0.   0.   0.   1.   0.   0.   0.
   1.   1.   0.   1.   1.   0.   1.   0.   0.   0.   0.   0.   0.   0.
   0.   0.   0.   0.   0.   0.   0.   0.   0.   0.   0.   0.   0.   0.
   0.   0.   0.   0.   0.   0.   0.   0.   0.   0.   0.   0.   0.   0.
   0.   0.   0.   0.   0.   0.   0.   0.   0.   0.   0.   0.   0.   0.
   0.   0.   0.   0.   0.   0.   0.   0.   0.   0.   0.   0.   0.   0.
   0.   0.   0.   0.   0.   0.   0.   0.   0.   0.   0.   0.   0.   0.
   0.   0.   0.   0.   0.   0.   0.   0.   0.   0.   0.   0.   0.   0.
   0.   0.   0.   0.   0.   0.   0.   0.   0.   0.   0.   0.   0.   0.
   0.   0.   0.   0.   0.   0.   0.   0.   0.   0.   0.   0.   1.   0.
   0.  97.   0.   0.   0.   0.   0.   0.   0.   0.   0.   0.   0.   0.
   0.   0.   0.   0.   0.   0.   0.   0.   0.   0.   0.   0.   0.   0.
   0.   0.   0.   0.   0.   0.   0.   0.   0.   0.   0.   0.   0.   0.
   0.   0.   0.   0.   0.   0.   0.   0.   0.   0.   0.   0.   0.   0.
   0.   0.   0.   0.   0.   0.   0.   0.   0.   0.   0.   0.   0.   0.
   0.   0.   0.   0.   0.   0.   0.   0.   0.   0.   0.   0.   0.   1.
   0.   0.   0.   2.   0.   0.   0.   1.   0.   0.   1.   0.   0.   0.
   3.   1.   0.   0.   0.   3.   0.   0.   1.   1.   0.   0.   0.   0.
   0.   0.   0.   1.   1.   0.   0.   1.   0.   0.   0.   1.   1.   1.
   0.   0.   0.   0.   0.   0.   2.   0.   1.   1.   0.   0.   0.   1.
   0.   3.   1.   1.   0.   0.   1.   0.   4.   0.   0.   0.   0.   0.
   1.   0.   1.   0.   1.   1.   0.   0.   0.   3.   2.   2.   0.   0.
   0.   1.   3.   0.   0.   1.   2.   0.   0.   1.   0.   0.   0.   1.
   0.   0.   0.   0.   0.   0.   0.   0.   1.   0.   1.   0.   1.   1.
   0.   1.   0.   2.   0.   1.   1.   1.   1.   0.   1.   1.   2.   0.
   1.   2.   0.   0.   1.   1.   0.   1.   0.   0.   0.   0.   0.   0.
   0.   0.   1.   0.   0.   0.   1.   0.   0.   2.   0.   0.   0.   1.
   1.   1.   1.   0.   0.   0.   0.   0.   0.   1.   0.   1.   0.   1.
   1.   0.   0.   1.   0.   1.   0.   0.   1.   1.   0.   0.   0.   2.
   1.   0.   0.   0.   0.   0.   0.   1.   1.   0.   0.   0.   1.   0.
   0.   0.]","['eyebrow_nose_mask', 'mouth_mask']",1
11,27,test_unknown_1600_bronze_walters,2,"[  1.   1.   0.   1.   1.   0.   1.   0.   0.   0.   0.   0.   0.   2.
   1.   0.   0.   0.   0.   0.   0.   0.   0.   0.   1.   1.   0.   0.
   0.   0.   0.   0.   0.   0.   0.   0.   0.   0.   0.   2.   0.   0.
   1.   0.   0.   0.   0.   0.   0.   0.   0.   0.   0.   0.   0.   0.
   0.   0.   0.   0.   0.   0.   0.   0.   0.   0.   0.   0.   0.   0.
   0.   0.   0.   0.   0.   0.   0.   0.   0.   0.   0.   0.   0.   0.
   0.   0.   0.   0.   0.   0.   0.   0.   0.   0.   0.   0.   0.   0.
   0.   0.   0.   0.   0.   0.   0.   0.   0.   0.   0.   1.   0.   0.
   0.   0.   0.   0.   0.   0.   0.   0.   0.   0.   0.   0.   0.   0.
   0.   0.   0.   0.   0.   0.   0.   0.   0.   0.   0.   4.   0.   0.
   0.   0.   0.   0.   0.   0.   0.   0.   0.   0.   0.   0.   0.   0.
   0.   0.   0.   0.   0.   0.   0.   0.   0.   0.   0.   0.   0.   0.
   0.   0.   0.   0.   0.   0.   0.   0.   2.   0.   0.   0.   0.   0.
   0. 284.   0.   0.   0.   0.   0.   0.   0.   0.   0.   0.   0.   0.
   0.   0.   0.   0.   0.   1.   0.   0.   2.   0.   2.   1.   2.   1.
   2.   2.   4.   1.   1.   0.   0.   1.   1.   0.   3.   1.   3.   3.
   6.   3.   2.   2.   1.   3.   2.   1.   4.   4.   0.   4.   1.   1.
   5.   2.   3.   0.   2.   0.   2.   2.   1.   2.   3.   1.   4.   2.
   0.   2.   0.   0.   1.   2.   0.   2.   3.   5.   2.   5.   2.   2.
   4.   1.   1.   0.   2.   3.   4.   0.   1.   1.   1.   0.   1.   0.
   1.   0.   4.   1.   1.   3.   1.   1.   2.   1.   3.   2.   0.   1.
   1.   4.   5.   1.   3.   3.   1.   0.   1.   4.   1.   1.   0.   2.
   0.   0.   0.   1.   1.   1.   1.   0.   0.   2.   0.   0.   0.   2.
   0.   0.   0.   1.   0.   2.   5.   1.   1.   0.   0.   2.   0.   1.
   1.   3.   1.   0.   1.   2.   3.   0.   1.   1.   2.   3.   3.   1.
   7.   1.   1.   2.   2.   0.   2.   0.   0.   1.   1.   1.   0.   3.
   0.   0.   1.   1.   0.   1.   0.   0.   2.   0.   4.   1.   6.   1.
   0.   1.   2.   8.   1.   4.   1.   1.   1.   0.   3.   1.   0.   0.
   0.   3.   2.   0.   3.   2.   3.   0.   0.   0.   0.   0.   0.   0.
   0.   0.   0.   0.   0.   0.   0.   0.   0.   0.   0.   0.   0.   0.
   0.   1.   0.   0.   0.   1.   0.   0.   0.   1.   0.   0.   0.   0.
   0.   0.   0.   0.   0.   0.   0.   0.   0.   0.   0.   0.   0.   0.
   0.   0.   0.   0.   0.   0.   0.   0.   0.   0.   0.   0.   0.   0.
   0.   0.   0.   0.   0.   0.   0.   0.   0.   0.   0.   0.   0.   0.
   0.   0.   0.   0.   0.   0.   0.   0.   0.   0.   0.   0.   0.   1.
   0.   0.   0.   0.   0.   1.   0.   0.   0.   0.   1.   0.   0.   0.
   0.   0.   0.   1.   0.   0.   0.   0.   0.   0.   0.   0.   0.   0.
   0. 175.   0.   0.   1.   0.   0.   1.   0.   0.   0.   0.   0.   0.
   0.   0.   0.   0.   0.   0.   0.   0.   0.   0.   0.   0.   0.   0.
   0.   0.   0.   0.   0.   0.   0.   0.   0.   0.   0.   0.   0.   0.
   0.   0.   0.   0.   0.   0.   0.   0.   0.   0.   0.   0.   0.   0.
   0.   0.   0.   0.   0.   0.   0.   0.   0.   0.   0.   0.   0.   0.
   0.   0.   0.   0.   0.   0.   0.   0.   0.   0.   0.   0.   1.   3.
   2.   0.   1.   0.   0.   1.   2.   0.   1.   4.   0.   1.   1.   3.
   1.   0.   3.   0.   0.   0.   2.   2.   4.   2.   1.   0.   2.   0.
   1.   1.   0.   3.   1.   1.   0.   0.   1.   3.   4.   1.   1.   1.
   2.   2.   1.   2.   1.   1.   0.   1.   0.   1.   0.   0.   0.   0.
   1.   0.   0.   1.   0.   2.   0.   0.   1.   1.   0.   0.   1.   2.
   1.   1.   0.   1.   4.   1.   0.   3.   1.   0.   0.   0.   1.   1.
   1.   2.   0.   0.   1.   3.   2.   0.   2.   2.   2.   0.   1.   0.
   1.   0.   1.   1.   0.   0.   0.   1.   3.   3.   1.   0.   0.   0.
   0.   1.   0.   1.   0.   1.   2.   2.   0.   1.   2.   2.   1.   3.
   1.   1.   0.   0.   0.   0.   0.   1.   1.   1.   1.   0.   0.   1.
   0.   1.   0.   0.   0.   3.   1.   1.   5.   0.   4.   0.   0.   0.
   0.   0.   1.   3.   0.   0.   3.   0.   2.   2.   0.   0.   1.   1.
   2.   0.   0.   1.   1.   1.   0.   1.   0.   0.   1.   1.   0.   2.
   1.   0.   0.   0.   0.   2.   0.   0.   1.   0.   0.   1.   1.   0.
   1.   0.]","['eyebrow_nose_mask', 'mouth_mask']",0
12,29,test_unknown_1300_bronze_cantor,2,"[  0.   0.   0.   1.   1.   0.   0.   0.   0.   0.   0.   0.   0.   0.
   0.   0.   0.   0.   0.   0.   1.   0.   0.   0.   0.   1.   0.   0.
   0.   0.   0.   0.   0.   0.   0.   0.   0.   0.   0.   0.   0.   0.
   0.   0.   0.   0.   0.   0.   0.   0.   0.   0.   0.   0.   0.   0.
   0.   0.   0.   0.   0.   0.   0.   0.   0.   0.   0.   0.   0.   0.
   0.   0.   0.   0.   0.   0.   0.   0.   0.   0.   0.   0.   0.   0.
   0.   0.   0.   0.   0.   0.   0.   0.   0.   0.   0.   0.   0.   0.
   0.   0.   0.   0.   0.   0.   0.   0.   0.   1.   0.   0.   0.   0.
   0.   0.   0.   0.   0.   0.   0.   0.   0.   0.   0.   0.   0.   0.
   0.   0.   0.   0.   0.   0.   0.   0.   0.   0.   0.   0.   0.   0.
   0.   0.   0.   0.   0.   0.   0.   0.   0.   0.   0.   0.   0.   0.
   0.   0.   0.   0.   0.   0.   0.   0.   0.   0.   0.   0.   0.   0.
   0.   0.   0.   0.   0.   0.   0.   0.   0.   0.   0.   0.   0.   0.
   0. 242.   0.   0.   0.   0.   0.   0.   0.   0.   0.   0.   0.   0.
   0.   0.   0.   0.   2.   0.   0.   0.   4.   2.   1.   0.   3.   1.
   1.   0.   1.   0.   3.   1.   1.   2.   9.   2.   1.   1.   1.   0.
   6.   4.   0.   5.   2.   1.   0.   0.   0.   2.   1.   2.   0.   1.
   2.   4.   3.   0.   1.   0.   1.   0.   1.   5.   2.   0.   0.   0.
   0.   2.   2.   0.   2.   1.   0.   2.   2.   2.   0.   1.   0.   1.
   2.   0.   3.   0.   2.   2.   2.   1.   0.   0.   1.   0.   2.   2.
   0.   1.   0.   1.   1.   2.   3.   3.   0.   2.   3.   1.   0.   2.
   0.   0.   4.   3.   5.   0.   0.   0.   0.   1.   0.   1.   1.   0.
   1.   0.   1.   1.   1.   6.   1.   2.   1.   0.   0.   0.   1.   0.
   1.   0.   1.   0.   0.   1.   1.   0.   0.   2.   2.   2.   1.   0.
   1.   1.   2.   3.   1.   3.   2.   0.   2.   0.   1.   2.   1.   1.
   5.   0.   0.   3.   1.   0.   0.   0.   1.   4.   2.   1.   0.   4.
   1.   0.   1.   0.   4.   1.   0.   0.   2.   0.   1.   2.   5.   0.
   3.   1.   0.   2.   0.   3.   1.   0.   1.   0.   2.   1.   0.   1.
   1.   0.   1.   0.   1.   0.   0.   0.   0.   0.   0.   0.   0.   0.
   0.   0.   0.   0.   0.   0.   0.   0.   0.   0.   0.   0.   0.   0.
   0.   0.   0.   0.   0.   0.   0.   0.   0.   0.   0.   0.   0.   0.
   0.   0.   0.   0.   0.   0.   0.   0.   0.   0.   0.   0.   0.   0.
   0.   0.   0.   0.   0.   0.   0.   0.   0.   0.   0.   0.   0.   0.
   0.   0.   0.   0.   0.   0.   0.   0.   0.   0.   0.   0.   0.   0.
   0.   0.   0.   0.   0.   0.   0.   0.   0.   0.   0.   0.   0.   1.
   0.   0.   0.   0.   0.   0.   0.   0.   0.   0.   0.   0.   0.   0.
   0.   0.   0.   0.   0.   0.   0.   0.   0.   0.   0.   0.   0.   0.
   1. 145.   0.   0.   0.   0.   0.   0.   0.   0.   0.   0.   0.   0.
   0.   0.   0.   0.   0.   0.   0.   0.   0.   0.   0.   0.   0.   0.
   0.   0.   0.   0.   0.   0.   0.   0.   0.   0.   0.   0.   0.   0.
   0.   0.   0.   0.   0.   0.   0.   0.   0.   0.   0.   0.   0.   0.
   0.   0.   0.   0.   0.   0.   0.   0.   0.   0.   0.   0.   0.   0.
   0.   0.   0.   0.   0.   0.   0.   0.   0.   0.   0.   0.   0.   3.
   3.   1.   3.   0.   0.   0.   2.   0.   1.   0.   0.   0.   4.   1.
   0.   0.   0.   0.   0.   0.   0.   1.   1.   1.   2.   0.   0.   2.
   1.   0.   1.   3.   0.   2.   1.   1.   1.   1.   3.   0.   1.   2.
   2.   0.   0.   0.   2.   0.   1.   0.   1.   1.   0.   0.   0.   2.
   0.   1.   0.   0.   0.   0.   0.   0.   1.   1.   0.   0.   1.   0.
   1.   0.   0.   0.   3.   1.   1.   2.   0.   0.   3.   0.   0.   1.
   0.   0.   0.   2.   0.   2.   0.   0.   4.   2.   1.   0.   0.   1.
   1.   0.   0.   0.   0.   0.   1.   1.   1.   0.   7.   0.   2.   0.
   1.   0.   0.   0.   0.   1.   1.   1.   1.   0.   1.   3.   4.   0.
   0.   1.   0.   0.   0.   0.   3.   0.   0.   0.   0.   0.   2.   0.
   0.   0.   0.   1.   0.   0.   2.   1.   2.   0.   0.   0.   0.   0.
   0.   2.   0.   0.   0.   0.   0.   0.   1.   0.   3.   0.   0.   0.
   2.   1.   1.   2.   1.   1.   0.   1.   0.   0.   0.   2.   1.   2.
   1.   0.   0.   0.   0.   3.   0.   1.   1.   0.   0.   1.   3.   0.
   0.   0.]","['eyebrow_nose_mask', 'mouth_mask']",0
13,30,test_unknown_1700_bronze_cantor,2,"[  0.   0.   0.   0.   0.   0.   0.   0.   0.   0.   0.   0.   0.   0.
   0.   0.   0.   0.   0.   0.   0.   0.   0.   0.   0.   0.   0.   0.
   0.   0.   0.   0.   0.   0.   0.   0.   0.   0.   0.   0.   0.   0.
   0.   0.   0.   0.   0.   0.   0.   0.   0.   0.   0.   0.   0.   0.
   0.   0.   0.   0.   0.   0.   0.   0.   0.   0.   0.   0.   0.   0.
   0.   0.   0.   0.   0.   0.   0.   0.   0.   0.   0.   0.   0.   0.
   0.   0.   0.   0.   0.   0.   0.   0.   0.   0.   0.   0.   0.   0.
   0.   0.   0.   0.   0.   0.   0.   0.   0.   0.   0.   0.   0.   0.
   0.   0.   0.   0.   0.   0.   0.   0.   0.   0.   0.   0.   0.   0.
   0.   0.   0.   0.   0.   0.   0.   0.   0.   0.   0.   0.   0.   0.
   0.   0.   0.   0.   0.   0.   0.   0.   0.   0.   0.   0.   0.   0.
   0.   0.   0.   0.   0.   0.   0.   0.   0.   0.   0.   0.   0.   0.
   0.   0.   0.   0.   0.   0.   0.   0.   0.   0.   0.   0.   0.   0.
   0. 109.   0.   0.   0.   0.   0.   0.   0.   0.   0.   0.   0.   0.
   0.   0.   0.   0.   0.   3.   0.   1.   0.   0.   0.   0.   0.   0.
   1.   0.   2.   0.   2.   0.   0.   0.   0.   0.   2.   0.   2.   0.
   8.   0.   0.   0.   0.   0.   0.   0.   0.   1.   0.   0.   1.   0.
   0.   1.   0.   0.   2.   0.   0.   0.   0.   2.   0.   0.   2.   2.
   0.   0.   0.   0.   2.   0.   2.   0.   1.   1.   0.   0.   1.   0.
   0.   0.   1.   1.   1.   0.   0.   1.   0.   2.   0.   0.   0.   1.
   0.   1.   2.   0.   1.   0.   3.   0.   1.   0.   0.   2.   0.   0.
   1.   0.   4.   2.   0.   1.   0.   0.   2.   0.   1.   0.   0.   2.
   0.   0.   0.   0.   2.   0.   1.   0.   1.   0.   0.   2.   0.   0.
   0.   0.   2.   0.   0.   0.   0.   0.   0.   0.   0.   0.   1.   0.
   0.   0.   0.   0.   2.   0.   0.   0.   0.   1.   1.   2.   0.   1.
   4.   0.   1.   0.   0.   0.   0.   0.   0.   0.   1.   0.   1.   0.
   0.   0.   1.   0.   0.   0.   0.   0.   0.   0.   2.   2.   3.   0.
   0.   0.   0.   1.   0.   2.   2.   0.   0.   0.   1.   0.   0.   0.
   0.   1.   0.   0.   0.   0.   1.   1.   0.   0.   0.   0.   0.   0.
   0.   0.   0.   0.   0.   0.   0.   0.   0.   0.   0.   0.   0.   0.
   0.   0.   0.   0.   0.   0.   0.   0.   0.   0.   0.   0.   0.   0.
   0.   0.   0.   0.   0.   0.   0.   0.   0.   0.   0.   0.   0.   0.
   0.   0.   0.   0.   0.   0.   0.   0.   0.   0.   0.   0.   0.   0.
   0.   0.   0.   0.   0.   0.   0.   0.   0.   0.   0.   0.   0.   0.
   0.   0.   0.   0.   0.   0.   0.   0.   0.   0.   0.   0.   0.   0.
   0.   0.   0.   0.   0.   0.   0.   0.   0.   0.   0.   0.   0.   0.
   0.   0.   0.   0.   0.   0.   0.   0.   0.   0.   0.   0.   0.   0.
   0.  84.   0.   0.   0.   0.   0.   0.   0.   0.   0.   0.   0.   0.
   0.   0.   0.   0.   0.   0.   0.   0.   0.   0.   0.   0.   0.   0.
   0.   0.   0.   0.   0.   0.   0.   0.   0.   0.   0.   0.   0.   0.
   0.   0.   0.   0.   0.   0.   0.   0.   0.   0.   0.   0.   0.   0.
   0.   0.   0.   0.   0.   0.   0.   0.   0.   0.   0.   0.   0.   0.
   0.   0.   0.   0.   0.   0.   0.   0.   0.   0.   0.   0.   0.   0.
   0.   0.   1.   0.   0.   0.   1.   0.   0.   0.   4.   0.   0.   3.
   0.   1.   0.   0.   0.   2.   0.   2.   1.   1.   0.   0.   0.   1.
   0.   1.   0.   1.   0.   0.   0.   2.   1.   0.   1.   0.   0.   0.
   0.   0.   2.   0.   2.   0.   0.   0.   0.   0.   0.   0.   0.   0.
   0.   0.   0.   0.   3.   4.   1.   0.   0.   0.   0.   0.   0.   0.
   0.   2.   0.   0.   1.   1.   2.   1.   0.   0.   1.   0.   1.   0.
   0.   0.   0.   1.   0.   0.   1.   0.   0.   0.   0.   0.   0.   0.
   1.   0.   1.   0.   0.   0.   0.   1.   1.   0.   0.   0.   0.   0.
   0.   0.   0.   1.   0.   1.   2.   0.   1.   0.   0.   0.   0.   0.
   0.   0.   0.   0.   1.   0.   1.   0.   0.   1.   0.   0.   0.   0.
   0.   0.   0.   0.   1.   2.   0.   0.   1.   0.   0.   0.   0.   0.
   0.   0.   0.   0.   0.   0.   0.   0.   0.   0.   0.   2.   0.   0.
   3.   1.   0.   1.   0.   0.   1.   2.   1.   1.   1.   2.   1.   0.
   1.   0.   1.   0.   0.   1.   0.   0.   0.   0.   0.   0.   0.   0.
   3.   0.]","['eyebrow_nose_mask', 'mouth_mask']",1
14,31,test_unknown_1400_1500_bronze_central_thai_LACMA,2,"[  0.   3.   2.   0.   1.   1.   5.   0.   0.   0.   1.   0.   0.   0.
   1.   1.   0.   0.   1.   1.   0.   0.   0.   0.   0.   1.   0.   1.
   0.   1.   0.   0.   0.   0.   0.   0.   0.   0.   1.   1.   0.   0.
   0.   0.   0.   0.   0.   1.   0.   0.   0.   0.   0.   0.   0.   1.
   0.   0.   1.   0.   0.   0.   0.   0.   0.   0.   0.   0.   0.   0.
   0.   0.   0.   0.   0.   0.   0.   0.   0.   0.   0.   0.   1.   0.
   1.   0.   0.   0.   0.   0.   0.   0.   0.   0.   0.   0.   0.   0.
   0.   1.   0.   0.   0.   0.   0.   0.   0.   0.   0.   0.   0.   0.
   0.   0.   0.   1.   0.   0.   1.   0.   0.   0.   0.   0.   0.   0.
   0.   0.   0.   0.   0.   0.   0.   0.   0.   0.   0.   0.   0.   0.
   0.   0.   0.   0.   0.   1.   0.   0.   0.   0.   0.   0.   0.   0.
   0.   0.   0.   0.   0.   0.   0.   0.   0.   0.   0.   0.   0.   0.
   0.   0.   0.   0.   0.   0.   1.   0.   1.   0.   0.   0.   0.   0.
   0. 214.   0.   0.   0.   0.   0.   0.   0.   0.   0.   0.   0.   0.
   0.   0.   0.   0.   1.   0.   0.   0.   0.   0.   2.   2.   0.   0.
   0.   1.   1.   4.   0.   0.   1.   1.   1.   1.   1.   0.   1.   2.
  17.   1.   0.   4.   1.   2.   0.   1.   2.   2.   0.   3.   0.   1.
   1.   3.   5.   0.   2.   0.   0.   0.   2.   1.   2.   0.   0.   1.
   2.   1.   0.   0.   0.   0.   0.   2.   2.   2.   0.   1.   0.   3.
   4.   2.   1.   2.   0.   0.   1.   1.   1.   1.   1.   0.   2.   0.
   0.   4.   0.   1.   0.   1.   1.   0.   0.   0.   2.   2.   2.   1.
   0.   4.   3.   1.   0.   3.   2.   2.   0.   3.   0.   3.   2.   1.
   1.   1.   1.   3.   1.   4.   1.   1.   0.   1.   1.   2.   0.   1.
   1.   1.   2.   1.   0.   1.   4.   0.   1.   2.   0.   3.   2.   0.
   2.   2.   0.   2.   0.   0.   1.   0.   0.   1.   1.   1.   3.   0.
  12.   0.   2.   0.   1.   1.   0.   0.   0.   0.   0.   0.   3.   2.
   0.   1.   4.   2.   1.   0.   0.   1.   0.   1.   2.   1.   3.   1.
   4.   1.   2.   1.   0.   1.   2.   0.   1.   1.   1.   1.   2.   1.
   0.   2.   0.   0.   1.   0.   2.   0.   0.   0.   0.   1.   0.   0.
   0.   1.   0.   1.   2.   0.   2.   0.   0.   0.   0.   0.   1.   0.
   0.   0.   0.   1.   0.   1.   0.   1.   0.   0.   1.   1.   0.   0.
   0.   1.   0.   1.   0.   0.   0.   0.   0.   0.   0.   0.   0.   0.
   0.   0.   0.   0.   0.   0.   0.   0.   0.   1.   0.   0.   0.   0.
   0.   0.   0.   0.   0.   0.   0.   0.   0.   0.   0.   0.   0.   0.
   0.   0.   0.   0.   0.   1.   0.   0.   0.   0.   0.   0.   0.   0.
   0.   0.   0.   0.   0.   0.   0.   0.   0.   0.   0.   0.   0.   0.
   0.   0.   0.   0.   0.   0.   0.   0.   0.   0.   0.   0.   0.   0.
   0. 177.   0.   0.   0.   0.   0.   0.   0.   0.   0.   0.   0.   0.
   0.   0.   0.   0.   0.   0.   0.   0.   0.   0.   0.   0.   0.   0.
   0.   0.   0.   0.   0.   0.   0.   0.   0.   0.   0.   0.   0.   0.
   0.   0.   0.   0.   0.   0.   0.   0.   0.   0.   0.   0.   0.   0.
   0.   0.   0.   0.   0.   0.   0.   0.   0.   0.   0.   0.   0.   0.
   0.   0.   0.   0.   0.   0.   0.   0.   0.   0.   0.   0.   0.   3.
   3.   1.   0.   0.   0.   0.   0.   2.   1.   1.   0.   5.   2.   2.
   0.   2.   1.   0.   0.   0.   0.   4.   4.   3.   2.   0.   0.   1.
   5.   1.   0.   1.   2.   0.   3.   1.   0.   0.   1.   0.   4.   0.
   0.   0.   3.   0.   1.   0.   0.   0.   3.   2.   1.   0.   1.   1.
   1.   0.   1.   0.   1.  11.   0.   0.   4.   0.   1.   0.   0.   2.
   4.   1.   0.   1.   1.   1.   1.   4.   0.   0.   0.   1.   0.   0.
   0.   2.   0.   1.   0.   1.   2.   1.   3.   0.   0.   1.   1.   1.
   3.   0.   1.   0.   0.   0.   0.   3.   1.   3.   2.   1.   4.   0.
   0.   1.   0.   1.   0.   3.   0.   0.   3.   2.   0.   1.   0.   0.
   1.   0.   0.   0.   1.   1.   0.   0.   2.   0.   0.   0.   0.   0.
   0.   0.   0.   2.   0.   0.   1.   1.   6.   1.   2.   0.   0.   0.
   0.   0.   0.   1.   1.   0.   0.   2.   0.   1.   1.   0.   0.   1.
   3.   0.   1.   0.   1.   0.   0.   0.   0.   1.   3.   0.   1.   1.
   1.   0.   0.   1.   0.   2.   0.   0.   1.   1.   0.   0.   1.   1.
   6.   0.]","['eyebrow_nose_mask', 'mouth_mask']",0
15,34,test_sukhothai_ayutthaya_1500_1600_copper_standing_ACM,2,"[  0.   0.   0.   0.   0.   0.   0.   0.   0.   0.   0.   0.   0.   0.
   0.   0.   0.   0.   0.   0.   0.   0.   0.   0.   0.   0.   0.   1.
   0.   0.   0.   0.   0.   0.   0.   0.   0.   0.   0.   0.   0.   0.
   0.   0.   0.   0.   0.   0.   0.   0.   0.   0.   0.   0.   0.   0.
   0.   0.   0.   0.   0.   0.   0.   0.   0.   0.   0.   0.   0.   0.
   0.   0.   0.   1.   0.   0.   0.   0.   0.   0.   0.   0.   0.   0.
   0.   0.   0.   0.   0.   0.   0.   0.   0.   0.   0.   0.   0.   0.
   0.   0.   0.   0.   0.   0.   0.   0.   0.   0.   0.   0.   0.   1.
   0.   0.   0.   0.   0.   0.   0.   0.   0.   0.   0.   0.   0.   0.
   0.   0.   0.   0.   0.   0.   0.   0.   0.   0.   0.   0.   0.   0.
   0.   0.   0.   0.   0.   0.   0.   0.   0.   0.   0.   0.   0.   0.
   0.   0.   0.   0.   0.   0.   0.   0.   0.   0.   0.   0.   0.   0.
   0.   0.   0.   0.   0.   0.   0.   0.   0.   0.   0.   0.   0.   0.
   0. 213.   0.   0.   0.   0.   0.   0.   0.   0.   0.   0.   0.   0.
   0.   0.   0.   0.   0.   2.   0.   0.   0.   1.   2.   0.   3.   0.
   0.   3.   1.   0.   1.   2.   2.   0.   0.   2.   1.   0.   2.   1.
   0.   3.   0.   1.   0.   2.   0.   2.   0.   3.   1.   2.   2.   0.
   1.   3.   0.   0.   2.   1.   2.   2.   5.  10.   0.   0.   2.   1.
   0.   1.   1.   0.   2.   0.   3.   0.   2.   0.   0.   1.   1.   1.
   5.   2.   3.   4.   2.   3.   3.   1.   4.   0.   2.   0.   0.   1.
   1.   1.   0.   1.   3.   1.   7.   0.   0.   0.   6.   1.   1.   0.
   1.   0.   2.   0.   2.   1.   0.   0.   0.   1.   0.   0.   0.   0.
   0.   0.   2.   1.   1.   1.   1.   2.   1.   3.   0.   0.   0.   0.
   0.   0.   1.   1.   0.   1.   2.   1.   0.   0.   0.   1.   0.   1.
   0.   2.   0.   1.   2.   1.   2.   0.   0.   0.   0.   1.   3.   0.
   3.   0.   0.   3.   0.   1.   0.   0.   0.   1.   0.   1.   0.   1.
   1.   0.   0.   1.   1.   0.   0.   0.   0.   0.   3.   0.   8.   1.
   2.   1.   1.   0.   0.   0.   1.   0.   2.   0.   3.   0.   1.   1.
   1.   0.   1.   3.   1.   0.   1.   1.   0.   0.   0.   0.   0.   0.
   0.   0.   0.   0.   0.   0.   0.   0.   0.   0.   0.   0.   0.   0.
   0.   0.   0.   0.   0.   0.   0.   0.   0.   0.   0.   0.   0.   0.
   0.   0.   0.   0.   0.   0.   0.   0.   0.   0.   0.   0.   0.   0.
   0.   0.   0.   0.   0.   0.   0.   0.   0.   0.   0.   0.   0.   0.
   0.   0.   0.   0.   0.   0.   0.   0.   0.   0.   0.   0.   0.   0.
   0.   0.   0.   0.   0.   0.   0.   0.   0.   0.   0.   0.   0.   0.
   0.   0.   0.   0.   0.   0.   0.   0.   0.   0.   0.   0.   0.   0.
   0.   0.   0.   0.   0.   0.   0.   0.   0.   0.   0.   0.   0.   0.
   0. 180.   0.   0.   0.   0.   0.   0.   0.   0.   0.   0.   0.   0.
   0.   0.   0.   0.   0.   0.   0.   0.   0.   0.   0.   0.   0.   0.
   0.   0.   0.   0.   0.   0.   0.   0.   0.   0.   0.   0.   0.   0.
   0.   0.   0.   0.   0.   0.   0.   0.   0.   0.   0.   0.   0.   0.
   0.   0.   0.   0.   0.   0.   0.   0.   0.   0.   0.   0.   0.   0.
   0.   0.   0.   0.   0.   0.   0.   0.   0.   0.   0.   0.   0.   5.
   0.   1.   1.   4.   0.   0.   1.   0.   1.   0.   1.   0.   0.   1.
   1.   2.   1.   0.   1.   3.   3.   1.   3.   0.   1.   2.   1.   0.
   1.   1.   2.   0.   0.   0.   0.   0.   1.   0.   4.   0.   0.   3.
   0.   1.   1.   1.   3.   3.   1.   0.   2.   2.   1.   1.   1.   1.
   0.   2.   0.   3.   0.   1.   2.   0.   0.   0.   0.   0.   1.   0.
   0.   1.   1.   1.   0.   2.   0.   1.   2.   2.   1.   1.   0.   4.
   1.   0.   0.   0.   0.   0.   0.   0.   2.   1.   3.   0.   0.   2.
   2.   0.   0.   0.   0.   1.   2.   2.   1.   2.   2.   0.   4.   4.
   2.   1.   0.   3.   0.   1.   0.   1.   5.   0.   0.   0.   2.   1.
   0.   1.   1.   0.   0.   0.   0.   2.   0.   0.   0.   0.   2.   0.
   0.   0.   1.   0.   0.   2.   1.   2.   2.   0.   3.   2.   0.   0.
   1.   0.   0.   1.   0.   2.   1.   0.   0.   1.   2.   2.   0.   2.
   1.   3.   0.   0.   0.   2.   0.   0.   0.   0.   0.   0.   2.   1.
   1.   0.   1.   0.   0.   1.   0.   1.   0.   0.   0.   1.   1.   0.
   0.   0.]","['eyebrow_nose_mask', 'mouth_mask']",0
16,35,test_ayutthaya_1600_1625_bronze_walters,2,"[  0.   1.   2.   1.   2.   1.   1.   0.   0.   0.   1.   0.   0.   1.
   0.   0.   1.   0.   0.   0.   0.   0.   2.   0.   0.   1.   0.   0.
   0.   0.   0.   0.   1.   0.   0.   0.   0.   0.   0.   1.   0.   0.
   0.   0.   0.   0.   0.   0.   0.   0.   0.   0.   0.   0.   0.   0.
   0.   0.   0.   0.   0.   0.   0.   0.   0.   1.   0.   0.   0.   0.
   0.   0.   0.   0.   0.   0.   0.   0.   0.   0.   0.   0.   0.   0.
   0.   0.   0.   0.   0.   0.   0.   0.   0.   0.   0.   0.   0.   1.
   0.   1.   0.   0.   0.   0.   0.   0.   0.   0.   0.   0.   0.   0.
   0.   0.   0.   0.   0.   0.   0.   0.   0.   0.   0.   0.   0.   0.
   0.   0.   0.   0.   0.   0.   0.   0.   0.   0.   1.   1.   0.   0.
   0.   0.   0.   0.   0.   0.   0.   0.   0.   0.   1.   0.   0.   0.
   0.   0.   0.   0.   0.   0.   0.   0.   0.   0.   0.   0.   0.   0.
   0.   0.   0.   0.   0.   0.   0.   0.   0.   0.   0.   0.   0.   0.
   0. 360.   0.   0.   0.   0.   0.   0.   0.   0.   0.   0.   0.   0.
   0.   0.   0.   0.   1.   1.   0.   1.   2.   3.   2.   1.   3.   2.
   1.   2.   7.   3.   2.   2.   0.   4.   3.   2.   2.   4.   3.   0.
   2.   4.   1.   4.   1.   2.   2.   2.   1.   0.   0.   2.   0.   0.
   3.   1.   2.   0.   2.   0.   2.   0.   4.   5.   1.   2.   1.   1.
   1.   1.   1.   1.   1.   4.   0.   1.   2.   4.   0.   4.   4.   1.
   2.   4.   3.   1.   2.   4.   3.   0.   3.   0.   0.   3.   0.   2.
   1.   2.   3.   3.   0.   1.   6.   6.   2.   2.   1.   4.   1.   3.
   3.   0.   4.   1.   4.   4.   1.   0.   1.   1.   5.   0.   1.   4.
   0.   0.   1.   3.   0.   0.   2.   6.   2.   1.   0.   2.   0.   3.
   2.   1.   0.   4.   1.   1.   4.   6.   2.   1.   0.   2.   0.   3.
   1.   2.   1.   5.   5.   0.   1.   0.   3.   0.   4.   1.   6.   1.
  11.   0.   3.   5.   1.   0.   0.   1.   1.   4.   2.   1.   1.   3.
   4.   3.   2.   1.   1.   0.   0.   2.   1.   0.   1.   0.   6.   5.
   1.   3.   2.   5.   1.   2.   5.   0.   2.   0.   1.   1.   1.   0.
   1.   2.   2.   2.   1.   1.   0.   1.   0.   0.   1.   0.   0.   0.
   0.   0.   0.   0.   1.   0.   0.   0.   0.   0.   0.   0.   0.   0.
   0.   0.   0.   0.   0.   0.   0.   0.   0.   0.   0.   0.   0.   0.
   0.   0.   0.   0.   0.   0.   0.   0.   0.   0.   0.   0.   1.   0.
   0.   0.   0.   0.   0.   0.   0.   0.   0.   0.   0.   0.   0.   0.
   0.   0.   0.   0.   0.   0.   0.   0.   0.   0.   0.   0.   0.   0.
   0.   0.   0.   0.   0.   0.   0.   0.   0.   1.   0.   0.   0.   0.
   0.   0.   0.   0.   0.   0.   0.   0.   0.   0.   0.   0.   0.   0.
   0.   0.   0.   0.   0.   0.   0.   0.   0.   0.   0.   0.   0.   0.
   0. 156.   0.   0.   0.   0.   0.   0.   0.   0.   0.   0.   0.   0.
   0.   0.   0.   0.   0.   0.   0.   0.   0.   0.   0.   0.   0.   0.
   0.   0.   0.   0.   0.   0.   0.   0.   0.   0.   0.   0.   0.   0.
   0.   0.   0.   0.   0.   0.   0.   0.   0.   0.   0.   0.   0.   0.
   0.   0.   0.   0.   0.   0.   0.   0.   0.   0.   0.   0.   0.   0.
   0.   0.   0.   0.   0.   0.   0.   0.   0.   0.   0.   0.   0.   1.
   1.   2.   6.   3.   1.   0.   1.   3.   0.   1.   0.   2.   3.   0.
   0.   0.   0.   0.   0.   1.   2.   1.   2.   2.   0.   0.   0.   1.
   5.   5.   2.   1.   2.   0.   0.   1.   0.   1.   4.   1.   0.   2.
   1.   1.   0.   0.   0.   1.   0.   0.   0.   0.   1.   0.   1.   1.
   0.   4.   0.   4.   0.   0.   0.   0.   3.   1.   0.   0.   0.   2.
   1.   0.   0.   0.   2.   1.   0.   1.   0.   2.   0.   1.   0.   1.
   1.   1.   1.   3.   0.   0.   0.   2.   1.   0.   1.   0.   1.   2.
   1.   0.   0.   1.   0.   2.   0.   0.   1.   2.   2.   0.   0.   1.
   1.   0.   1.   0.   0.   0.   0.   1.   1.   0.   0.   1.   2.   0.
   1.   0.   0.   0.   1.   1.   1.   0.   0.   1.   0.   0.   0.   0.
   0.   0.   0.   0.   0.   2.   1.   0.   4.   1.   1.   1.   0.   0.
   6.   2.   0.   0.   1.   0.   0.   0.   1.   0.   2.   2.   1.   0.
   2.   0.   0.   0.   2.   0.   0.   0.   0.   0.   0.   0.   2.   0.
   2.   0.   1.   0.   0.   1.   1.   1.   0.   0.   0.   0.   2.   0.
   0.   0.]","['eyebrow_nose_mask', 'mouth_mask']",0
17,37,test_unknown_1500_bronze_cantor_2,2,"[  0.   0.   0.   0.   0.   0.   0.   0.   0.   0.   0.   0.   0.   0.
   0.   0.   0.   0.   0.   0.   0.   0.   0.   0.   0.   0.   0.   0.
   0.   0.   0.   0.   0.   0.   0.   0.   0.   0.   0.   0.   0.   0.
   0.   0.   0.   0.   0.   0.   0.   0.   0.   0.   0.   0.   0.   0.
   0.   0.   0.   0.   0.   0.   0.   0.   0.   0.   0.   0.   0.   0.
   0.   0.   0.   0.   0.   0.   0.   0.   0.   0.   0.   0.   0.   0.
   0.   0.   0.   0.   0.   0.   0.   0.   0.   0.   0.   0.   0.   0.
   0.   0.   0.   0.   0.   0.   0.   0.   0.   0.   0.   0.   0.   0.
   0.   0.   0.   0.   0.   0.   0.   0.   0.   0.   0.   0.   0.   0.
   0.   0.   0.   0.   0.   0.   0.   0.   0.   0.   0.   0.   0.   0.
   0.   0.   0.   0.   0.   0.   0.   0.   0.   0.   0.   0.   0.   0.
   0.   0.   0.   0.   0.   0.   0.   0.   0.   0.   0.   0.   0.   0.
   0.   0.   0.   0.   0.   0.   0.   0.   0.   0.   0.   0.   0.   0.
   0. 170.   0.   0.   0.   0.   0.   0.   0.   0.   0.   0.   0.   0.
   0.   0.   0.   0.   2.   1.   0.   0.   0.   0.   0.   1.   0.   1.
   0.   2.   2.   2.   1.   0.   1.   2.   2.   1.   0.   0.   1.   0.
   8.   4.   0.   2.   1.   1.   0.   1.   0.   1.   1.   0.   0.   1.
   2.   2.   0.   0.   2.   0.   0.   1.   0.   0.   0.   0.   1.   3.
   0.   0.   2.   3.   0.   0.   0.   1.   0.   3.   2.   1.   1.   0.
   3.   3.   1.   0.   2.   0.   0.   1.   0.   0.   2.   1.   3.   1.
   6.   3.   1.   0.   0.   0.   2.   1.   0.   2.   2.   0.   0.   2.
   1.   1.   1.   2.   0.   1.   3.   0.   0.   1.   1.   1.   1.   0.
   1.   0.   6.   0.   0.   3.   0.   1.   0.   0.   0.   3.   1.   0.
   1.   0.   1.   0.   0.   0.   0.   0.   2.   1.   0.   1.   1.   1.
   0.   0.   0.   0.   0.   3.   0.   0.   0.   1.   0.   4.   2.   0.
   2.   0.   1.   0.   2.   1.   1.   0.   0.   0.   0.   0.   0.   1.
   0.   4.   1.   0.   1.   1.   0.   0.   0.   0.   0.   1.   1.   0.
   1.   2.   0.   0.   0.   0.   0.   0.   0.   0.   2.   0.   1.   0.
   1.   0.   0.   0.   0.   1.   0.   0.   0.   0.   0.   0.   0.   0.
   0.   0.   0.   1.   0.   0.   0.   0.   0.   0.   0.   0.   0.   0.
   0.   0.   0.   0.   0.   0.   0.   0.   0.   0.   0.   0.   0.   0.
   0.   0.   0.   0.   0.   0.   0.   0.   0.   0.   0.   0.   0.   0.
   0.   0.   0.   0.   0.   0.   0.   0.   0.   0.   0.   0.   0.   0.
   0.   0.   0.   0.   0.   0.   0.   0.   0.   0.   0.   0.   0.   0.
   0.   0.   0.   0.   0.   0.   0.   0.   0.   0.   0.   0.   0.   0.
   0.   0.   0.   1.   0.   1.   0.   0.   0.   0.   0.   0.   0.   0.
   0.   0.   0.   0.   0.   0.   0.   0.   0.   0.   0.   0.   0.   0.
   0. 122.   0.   0.   0.   0.   0.   0.   0.   0.   0.   0.   0.   0.
   0.   0.   0.   0.   0.   0.   0.   0.   0.   0.   0.   0.   0.   0.
   0.   0.   0.   0.   0.   0.   0.   0.   0.   0.   0.   0.   0.   0.
   0.   0.   0.   0.   0.   0.   0.   0.   0.   0.   0.   0.   0.   0.
   0.   0.   0.   0.   0.   0.   0.   0.   0.   0.   0.   0.   0.   0.
   0.   0.   0.   0.   0.   0.   0.   0.   0.   0.   0.   0.   0.   1.
   0.   0.   1.   3.   0.   1.   0.   0.   0.   0.   2.   1.   2.   2.
   0.   1.   0.   0.   0.   0.   1.   2.   1.   1.   1.   1.   0.   0.
   0.   1.   0.   0.   1.   0.   2.   0.   1.   0.   0.   0.   1.   0.
   0.   0.   0.   0.   2.   0.   2.   0.   2.   2.   0.   0.   0.   0.
   1.   0.   0.   3.   0.   3.   1.   1.   0.   0.   0.   0.   2.   0.
   0.   1.   1.   0.   2.   3.   1.   4.   1.   0.   0.   4.   1.   0.
   0.   0.   0.   1.   0.   0.   0.   0.   0.   0.   0.   0.   0.   1.
   2.   0.   2.   0.   0.   0.   0.   0.   2.   0.   0.   0.   1.   0.
   0.   0.   0.   1.   0.   0.   1.   0.   3.   0.   0.   1.   0.   0.
   2.   0.   2.   0.   1.   4.   0.   1.   0.   0.   1.   0.   1.   0.
   0.   0.   1.   1.   0.   2.   1.   0.   5.   1.   1.   0.   0.   1.
   0.   1.   0.   0.   0.   0.   1.   1.   0.   0.   0.   1.   0.   0.
   1.   1.   0.   1.   0.   2.   0.   0.   0.   1.   2.   2.   1.   0.
   1.   0.   1.   0.   0.   0.   0.   0.   1.   0.   0.   1.   1.   0.
   1.   0.]","['eyebrow_nose_mask', 'mouth_mask']",1
18,40,test_sukhothai_1650_bronze_phitsanulok_walters,2,"[  0.   0.   0.   0.   0.   0.   0.   0.   0.   0.   0.   0.   0.   0.
   0.   0.   0.   0.   0.   0.   0.   0.   0.   0.   0.   0.   0.   0.
   0.   0.   0.   0.   0.   0.   0.   0.   0.   0.   0.   0.   0.   0.
   0.   0.   0.   0.   0.   0.   0.   0.   0.   0.   0.   0.   0.   0.
   0.   0.   0.   0.   0.   0.   0.   0.   0.   0.   0.   0.   0.   0.
   0.   0.   0.   0.   0.   0.   0.   0.   0.   0.   0.   0.   0.   0.
   0.   0.   0.   0.   0.   0.   0.   0.   0.   0.   0.   0.   0.   0.
   1.   0.   0.   0.   0.   0.   0.   0.   0.   0.   0.   0.   0.   0.
   0.   0.   0.   0.   0.   0.   0.   0.   0.   0.   0.   0.   0.   0.
   0.   0.   0.   0.   0.   0.   0.   0.   0.   0.   0.   0.   0.   0.
   0.   0.   0.   0.   0.   0.   0.   0.   0.   0.   0.   0.   0.   0.
   0.   0.   0.   0.   0.   0.   0.   0.   0.   0.   0.   0.   0.   0.
   0.   0.   0.   0.   0.   0.   0.   0.   0.   0.   0.   0.   0.   0.
   0. 130.   0.   0.   0.   0.   0.   0.   0.   0.   0.   0.   0.   0.
   0.   0.   0.   0.   0.   0.   0.   0.   0.   0.   2.   0.   0.   1.
   0.   0.   1.   0.   0.   0.   0.   3.   0.   0.   1.   1.   3.   0.
   1.   1.   0.   0.   1.   0.   1.   0.   0.   1.   0.   0.   0.   0.
   0.   2.   1.   0.   1.   1.   1.   1.   0.   2.   0.   0.   2.   0.
   0.   2.   1.   2.   0.   0.   1.   0.   0.   5.   0.   0.   0.   0.
   1.   3.   2.   0.   2.   1.   3.   0.   1.   0.   5.   1.   0.   0.
   1.   2.   2.   1.   1.   1.   1.   1.   0.   3.   1.   0.   0.   0.
   1.   0.   1.   1.   0.   0.   0.   0.   0.   3.   0.   0.   0.   0.
   1.   0.   0.   2.   0.   1.   0.   1.   0.   2.   2.   1.   0.   1.
   0.   0.   2.   2.   0.   0.   1.   0.   0.   2.   0.   1.   1.   0.
   0.   0.   3.   0.   0.   0.   1.   0.   2.   1.   0.   0.   1.   0.
   2.   1.   1.   0.   0.   1.   0.   0.   0.   1.   0.   0.   0.   0.
   1.   0.   1.   0.   0.   0.   0.   0.   0.   1.   0.   1.   3.   0.
   1.   0.   0.   2.   0.   2.   1.   0.   0.   0.   0.   0.   1.   0.
   0.   0.   0.   1.   1.   2.   0.   1.   0.   0.   0.   0.   0.   0.
   0.   0.   0.   0.   0.   0.   0.   0.   0.   0.   0.   0.   0.   0.
   0.   0.   0.   0.   0.   0.   0.   0.   0.   0.   0.   0.   0.   0.
   0.   0.   0.   0.   0.   0.   0.   0.   0.   0.   0.   0.   0.   0.
   0.   0.   0.   0.   0.   0.   0.   0.   0.   0.   0.   0.   0.   0.
   0.   0.   0.   0.   0.   0.   0.   0.   0.   0.   0.   0.   0.   0.
   0.   0.   0.   0.   0.   0.   0.   0.   0.   0.   0.   0.   0.   0.
   0.   0.   0.   0.   0.   0.   0.   0.   0.   0.   0.   0.   0.   0.
   0.   0.   0.   0.   0.   0.   0.   0.   0.   0.   0.   0.   0.   0.
   0. 107.   0.   0.   0.   0.   0.   0.   0.   0.   0.   0.   0.   0.
   0.   0.   0.   0.   0.   0.   0.   0.   0.   0.   0.   0.   0.   0.
   0.   0.   0.   0.   0.   0.   0.   0.   0.   0.   0.   0.   0.   0.
   0.   0.   0.   0.   0.   0.   0.   0.   0.   0.   0.   0.   0.   0.
   0.   0.   0.   0.   0.   0.   0.   0.   0.   0.   0.   0.   0.   0.
   0.   0.   0.   0.   0.   0.   0.   0.   0.   0.   0.   0.   0.   0.
   0.   1.   3.   0.   0.   0.   0.   1.   1.   0.   1.   1.   1.   2.
   0.   1.   0.   1.   0.   1.   0.   0.   0.   0.   1.   0.   1.   0.
   2.   2.   1.   3.   0.   0.   0.   0.   0.   1.   1.   0.   1.   1.
   0.   0.   1.   1.   1.   1.   1.   1.   0.   0.   0.   0.   0.   0.
   0.   2.   0.   1.   0.   0.   1.   0.   2.   0.   0.   0.   1.   0.
   1.   0.   0.   0.   2.   2.   0.   0.   0.   2.   1.   0.   0.   2.
   0.   1.   0.   0.   0.   0.   0.   1.   0.   1.   0.   1.   0.   1.
   0.   0.   0.   1.   0.   0.   0.   0.   2.   1.   0.   0.   2.   1.
   1.   0.   1.   0.   0.   1.   0.   1.   2.   0.   0.   3.   0.   0.
   0.   1.   0.   0.   1.   2.   0.   1.   2.   0.   0.   0.   0.   0.
   3.   0.   1.   0.   1.   2.   0.   0.   1.   0.   0.   0.   0.   0.
   1.   2.   0.   0.   0.   0.   0.   0.   0.   0.   0.   2.   1.   0.
   0.   2.   0.   1.   2.   1.   1.   1.   1.   1.   0.   0.   0.   0.
   0.   1.   0.   0.   0.   0.   0.   1.   0.   0.   0.   1.   0.   0.
   1.   0.]","['eyebrow_nose_mask', 'mouth_mask']",1
19,42,test_unknown_1400_1500_bronze_LACMA,2,"[  0.   0.   0.   1.   0.   0.   1.   1.   0.   0.   0.   0.   0.   0.
   0.   0.   0.   0.   0.   0.   0.   0.   0.   0.   0.   1.   0.   0.
   0.   0.   0.   0.   0.   0.   0.   0.   0.   0.   0.   1.   0.   0.
   0.   0.   0.   0.   0.   0.   0.   0.   0.   0.   0.   0.   0.   0.
   0.   0.   0.   0.   0.   0.   0.   0.   0.   0.   0.   0.   0.   0.
   0.   0.   0.   0.   0.   0.   0.   0.   0.   0.   0.   0.   0.   0.
   0.   0.   0.   0.   0.   0.   0.   0.   0.   0.   0.   0.   0.   0.
   0.   0.   0.   0.   0.   0.   0.   0.   0.   0.   0.   0.   0.   0.
   0.   0.   0.   0.   0.   0.   0.   0.   0.   0.   0.   0.   0.   0.
   0.   0.   0.   0.   0.   0.   0.   0.   0.   0.   0.   1.   0.   0.
   0.   0.   0.   0.   0.   0.   0.   0.   0.   0.   0.   0.   0.   0.
   0.   0.   0.   0.   0.   0.   0.   0.   0.   0.   0.   0.   0.   0.
   0.   0.   0.   0.   0.   0.   0.   0.   0.   0.   0.   0.   0.   0.
   0. 110.   0.   0.   0.   0.   0.   0.   0.   0.   0.   0.   0.   0.
   0.   0.   0.   0.   0.   2.   0.   0.   0.   1.   0.   0.   4.   0.
   0.   0.   0.   0.   1.   0.   0.   1.   3.   0.   0.   1.   0.   0.
  22.   3.   0.   0.   0.   0.   2.   0.   0.   1.   0.   0.   0.   2.
   0.   0.   1.   0.   2.   0.   0.   0.   0.   0.   0.   1.   0.   0.
   0.   0.   0.   0.   0.   0.   2.   0.   1.   3.   0.   1.   1.   0.
   1.   1.   0.   0.   1.   0.   1.   0.   0.   0.   0.   0.   1.   0.
   0.   2.   0.   0.   2.   0.   0.   0.   1.   0.   1.   2.   0.   0.
   0.   1.   2.   0.   3.   0.   0.   1.   0.   0.   0.   0.   0.   0.
   1.   0.   0.   0.   0.   1.   1.   1.   0.   1.   0.   2.   0.   1.
   0.   0.   1.   0.   0.   0.   1.   1.   0.   0.   0.   1.   2.   0.
   0.   0.   0.   1.   0.   0.   2.   0.   3.   0.   0.   0.   0.   1.
   5.   0.   0.   0.   0.   0.   0.   0.   0.   2.   1.   0.   0.   0.
   0.   0.   0.   0.   1.   0.   0.   1.   0.   0.   0.   1.   1.   2.
   1.   0.   0.   0.   0.   0.   0.   0.   0.   0.   0.   0.   1.   0.
   0.   0.   1.   1.   0.   2.   0.   0.   0.   0.   0.   0.   0.   0.
   0.   0.   0.   0.   1.   0.   0.   0.   0.   0.   0.   0.   0.   0.
   0.   1.   0.   0.   0.   0.   0.   0.   0.   1.   0.   0.   0.   0.
   0.   0.   0.   0.   0.   0.   0.   0.   0.   0.   0.   0.   0.   0.
   0.   0.   0.   0.   0.   0.   0.   0.   0.   0.   0.   0.   0.   0.
   1.   0.   0.   0.   0.   0.   0.   0.   0.   0.   0.   0.   0.   0.
   0.   0.   0.   0.   1.   0.   0.   0.   0.   0.   0.   0.   0.   0.
   0.   0.   0.   0.   0.   0.   0.   0.   0.   0.   0.   0.   0.   0.
   0.   0.   1.   0.   0.   0.   0.   0.   0.   0.   0.   0.   0.   0.
   0.  54.   0.   0.   0.   0.   0.   0.   0.   0.   0.   0.   0.   0.
   0.   0.   0.   0.   0.   0.   0.   0.   0.   0.   0.   0.   0.   0.
   0.   0.   0.   0.   0.   0.   0.   0.   0.   0.   0.   0.   0.   0.
   0.   0.   0.   0.   0.   0.   0.   0.   0.   0.   0.   0.   0.   0.
   0.   0.   0.   0.   0.   0.   0.   0.   1.   0.   0.   0.   0.   0.
   0.   0.   0.   0.   0.   0.   0.   0.   0.   0.   0.   0.   0.   0.
   0.   0.   0.   0.   0.   0.   1.   1.   0.   1.   0.   0.   0.   0.
   0.   0.   0.   0.   0.   0.   0.   1.   0.   1.   0.   0.   1.   0.
   2.   1.   0.   0.   1.   0.   1.   0.   2.   1.   1.   0.   0.   0.
   0.   0.   0.   0.   1.   4.   0.   0.   0.   1.   0.   0.   0.   1.
   0.   0.   0.   0.   0.   1.   0.   0.   1.   1.   0.   0.   0.   0.
   0.   0.   0.   1.   0.   1.   0.   0.   0.   0.   0.   0.   0.   0.
   0.   1.   0.   0.   0.   0.   0.   0.   0.   0.   0.   0.   0.   0.
   0.   0.   0.   1.   0.   1.   0.   2.   1.   1.   1.   0.   1.   0.
   0.   0.   0.   0.   0.   1.   0.   0.   0.   0.   0.   0.   1.   0.
   0.   1.   0.   0.   0.   0.   0.   0.   0.   0.   0.   0.   1.   0.
   0.   1.   0.   0.   0.   0.   1.   0.   7.   0.   1.   0.   0.   0.
   0.   0.   0.   1.   0.   0.   0.   0.   0.   0.   1.   1.   0.   2.
   0.   1.   0.   0.   0.   0.   0.   0.   0.   1.   0.   0.   0.   0.
   0.   0.   0.   1.   0.   0.   0.   2.   0.   0.   0.   0.   0.   1.
   0.   0.]","['eyebrow_nose_mask', 'mouth_mask']",1
20,44,test_ayutthaya_1500_copper_LACMA_cropped,2,"[  0.   0.   0.   0.   0.   1.   0.   0.   0.   0.   0.   0.   0.   0.
   0.   0.   0.   0.   0.   0.   0.   0.   0.   0.   0.   0.   0.   0.
   0.   0.   0.   0.   0.   0.   0.   0.   0.   0.   0.   0.   0.   0.
   0.   0.   0.   0.   0.   0.   0.   0.   0.   0.   0.   0.   0.   0.
   0.   0.   0.   0.   0.   0.   0.   0.   0.   0.   0.   0.   0.   0.
   0.   0.   0.   0.   0.   0.   0.   0.   0.   0.   0.   0.   0.   0.
   0.   0.   0.   0.   0.   0.   0.   0.   0.   0.   0.   0.   0.   0.
   0.   0.   0.   0.   0.   0.   0.   0.   0.   0.   0.   0.   0.   0.
   0.   0.   0.   0.   0.   0.   0.   0.   0.   0.   0.   0.   0.   0.
   0.   0.   0.   0.   0.   0.   0.   0.   0.   0.   0.   0.   0.   0.
   0.   0.   0.   0.   0.   0.   0.   0.   0.   0.   0.   0.   0.   0.
   0.   0.   0.   0.   0.   0.   0.   0.   0.   0.   0.   0.   0.   0.
   0.   0.   0.   0.   0.   0.   0.   0.   0.   0.   0.   0.   0.   0.
   0. 179.   0.   0.   0.   0.   0.   0.   0.   0.   0.   0.   0.   0.
   0.   0.   0.   0.   1.   0.   0.   1.   1.   0.   1.   2.   2.   1.
   0.   0.   1.   0.   0.   0.   0.   1.   3.   0.   0.   3.   4.   1.
  10.   2.   3.   0.   3.   4.   1.   1.   0.   0.   1.   0.   0.   2.
   0.   4.   2.   0.   1.   0.   2.   2.   0.   2.   1.   0.   2.   3.
   0.   0.   1.   3.   1.   0.   2.   2.   0.   2.   0.   2.   0.   1.
   2.   2.   3.   1.   1.   0.   1.   0.   1.   1.   1.   1.   0.   0.
   0.   4.   3.   2.   0.   1.   1.   0.   1.   2.   2.   2.   0.   0.
   0.   0.   2.   0.   0.   0.   3.   0.   1.   1.   1.   0.   1.   0.
   0.   0.   0.   0.   0.   0.   1.   0.   0.   2.   0.   3.   0.   0.
   0.   0.   0.   0.   1.   0.   2.   1.   1.   1.   0.   0.   0.   0.
   0.   0.   2.   0.   1.   0.   1.   0.   1.   1.   0.   3.   0.   1.
   3.   0.   0.   0.   0.   2.   1.   0.   0.   1.   0.   0.   0.   1.
   1.   1.   2.   0.   0.   0.   0.   0.   1.   0.   0.   0.   2.   0.
   1.   2.   0.   3.   0.   2.   1.   0.   0.   0.   4.   0.   0.   0.
   0.   1.   0.   0.   1.   0.   3.   2.   0.   0.   0.   0.   0.   0.
   0.   0.   0.   0.   0.   0.   0.   0.   0.   0.   0.   0.   0.   0.
   0.   0.   0.   0.   0.   0.   0.   0.   0.   0.   0.   0.   0.   0.
   0.   0.   0.   0.   0.   0.   0.   0.   0.   0.   0.   0.   0.   0.
   0.   0.   0.   0.   0.   0.   0.   0.   0.   0.   0.   0.   0.   0.
   0.   0.   0.   0.   0.   0.   0.   0.   0.   0.   0.   0.   0.   0.
   0.   0.   0.   0.   0.   0.   0.   0.   0.   0.   0.   0.   0.   0.
   0.   0.   0.   0.   0.   0.   0.   0.   0.   0.   0.   0.   0.   0.
   0.   0.   0.   0.   0.   0.   0.   0.   0.   0.   0.   0.   0.   0.
   0.  96.   0.   0.   0.   0.   0.   0.   0.   0.   0.   0.   0.   0.
   0.   0.   0.   0.   0.   0.   0.   0.   0.   0.   0.   0.   0.   0.
   0.   0.   0.   0.   0.   0.   0.   0.   0.   0.   0.   0.   0.   0.
   0.   0.   0.   0.   0.   0.   0.   0.   0.   0.   0.   0.   0.   0.
   0.   0.   0.   0.   0.   0.   0.   0.   0.   0.   0.   0.   0.   0.
   0.   0.   0.   0.   0.   0.   0.   0.   0.   0.   0.   0.   0.   0.
   1.   0.   2.   0.   1.   0.   1.   0.   2.   0.   0.   0.   1.   1.
   0.   2.   1.   0.   0.   0.   0.   0.   1.   0.   1.   0.   0.   0.
   0.   0.   4.   2.   1.   0.   0.   1.   1.   0.   0.   0.   0.   0.
   0.   0.   0.   1.   1.   1.   0.   1.   0.   0.   0.   0.   0.   0.
   0.   3.   0.   1.   2.   0.   1.   0.   1.   1.   0.   0.   0.   1.
   0.   0.   0.   1.   2.   1.   0.   1.   0.   3.   0.   1.   0.   0.
   0.   1.   0.   1.   0.   3.   0.   0.   0.   0.   1.   0.   1.   2.
   1.   0.   0.   0.   2.   0.   0.   0.   0.   0.   2.   0.   0.   0.
   1.   1.   0.   1.   0.   1.   1.   0.   0.   0.   0.   2.   0.   1.
   0.   1.   0.   0.   0.   1.   0.   0.   0.   0.   0.   0.   0.   0.
   0.   1.   0.   0.   0.   0.   1.   1.   1.   0.   0.   0.   0.   1.
   1.   0.   0.   1.   1.   0.   0.   0.   1.   0.   0.   0.   1.   0.
   1.   1.   1.   0.   0.   0.   0.   2.   0.   1.   1.   0.   0.   0.
   1.   1.   0.   1.   0.   1.   0.   1.   1.   0.   0.   1.   0.   0.
   2.   0.]","['eyebrow_nose_mask', 'mouth_mask']",1
